,panchayat_code,gender_of_informant,kwa_connection,daily_water_consumption_litres,issues_with_water_supply,frequency_of_supply_issues,check_by_authority,ph_value_well,ph_value_pond,ph_value_river_backwater,ph_value_borewell,ph_value_pipe_water,satisfaction_with_water_taste,satisfaction_with_water_smell,noticeable_contamination,septic_tank_or_wastewater_presence_nearby_primary_water_source,pipeline_water_chlorinated_belief,frequency_of_cleaning_water_tank,water_purifying_techniques,types_of_water_purifications,ever_noticed_broken_pipelines_in_house_or_public_places,waterborne_diseases_last_year,confidence_in_safety,noticed_any_changes_in_health_after_using_current_drinking_water,willingness_to_pay_for_better_drinking_water_services,household_members_below_1year_old,household_members_below_1year_to_3years_old,household_members_below_4years_to_8years_old,household_members_below_9years_to_12years_old,household_members_below_13years_and_above,educational_qualification,primary_income_earner_qualification,sec,monthly_household_income,primary_water_source_5,primary_water_source_1,primary_water_source_nan,primary_water_source_4,primary_water_source_2,primary_water_source_7,primary_water_source_6,primary_water_source_3,primary_usage_5,primary_usage_1,primary_usage_nan,primary_usage_4,primary_usage_4.6,primary_usage_2,primary_usage_7,primary_usage_6,primary_usage_3,daily_water_usage_source_5,daily_water_usage_source_1,daily_water_usage_source_nan,daily_water_usage_source_4,daily_water_usage_source_2,daily_water_usage_source_7,daily_water_usage_source_6,daily_water_usage_source_3,agricultural_water_source_5,agricultural_water_source_1,agricultural_water_source_nan,agricultural_water_source_4,agricultural_water_source_2,agricultural_water_source_6,agricultural_water_source_3
0,1.0,Female,No,500-1000L,No,,No,,,,,8,Yes,Yes,No,No,Not Believe,1 MONTH,Yes,COMPANY WATER,Yes,No,Yes,No,Yes,,,,,4.0,POST DEGREE,Degree,A2,40k-60k,,Pipe Connection,0,,,,,,Garden,Drinking,0,Cleaning,0,Cooking,,,Bathing,,Pipe Connection,0,,,,Rainwater,,,,0,,,Others,
1,1.0,Female,Yes,Below 100L,Yes,Rarely,Yes,1,,,,6.5,No,No,No,Yes,,1 YEAR,No,RO PLANT,No,No,Yes,No,Yes,,,,,4.0,PRIMARY EDUCATION,Primary,E2,5k-20k,,Pipe Connection,0,,,,,,,Drinking,0,Cleaning,0,Cooking,,,Bathing,,Pipe Connection,0,,,,,,,,1,,,,
2,1.0,Female,Yes,200-500L,No,,No,,,,,7.5,Yes,Yes,No,No,Believe,6 MONTH,No,,No,No,Yes,No,Not Sure,,,, ,1.0,DEGREE,Degree,A1,,,Pipe Connection,0,,,,,,,,0,Cleaning,0,Cooking,,,Bathing,,Pipe Connection,0,,,,,,,,1,,,,
3,1.0,Male,Yes,1000-2000L,No,,No,,,,,6.5,Yes,Yes,No,No,Not Believe,1 YEAR,No,,No,No,Yes,No,Not Sure,,,,1,5.0,DEGREE,Degree,B1,40k-60k,Bore Well,Pipe Connection,0,,Well,,,,,Drinking,0,Cleaning,0,Cooking,,,Bathing,Bore Well,Pipe Connection,0,,Well,,,,,,1,,,,
4,1.0,Female,Yes,200-500L,No,,No,,,,,6.5,Yes,Yes,No,No,Believe,6 MONTH,Yes,COMPANY WATER,No,No,Yes,No,Yes,,,,,2.0,HIGHER SECONDARY,Higher Secondary,C,5k-20k,,Pipe Connection,0,,Well,,,,Garden,Drinking,0,Cleaning,0,Cooking,,,Bathing,,Pipe Connection,0,,,,,,,,1,,,,
5,1.0,Female,Yes,500-1000L,No,,No,,,,,7.5,Yes,Yes,No,No,Believe,6 MONTH,Yes,COMPANY WATER,No,No,Yes,No,No,,,1,1,8.0,HIGHER SECONDARY,Higher Secondary,C,5k-20k,Bore Well,Pipe Connection,0,,,,,,Garden,Drinking,0,Cleaning,0,Cooking,,,Bathing,Bore Well,Pipe Connection,0,,,,,,,,1,,,,
6,1.0,Female,Yes,200-500L,Yes,Rarely,No,,,,,6.5,Yes,Yes,No,No,Believe,6 MONTH,Yes,COMPANY WATER,No,No,Yes,No,No,,,,,4.0,DEGREE,Higher Secondary,B1,5k-20k,,Pipe Connection,0,,,,,,Garden,Drinking,0,Cleaning,0,Cooking,,,Bathing,,Pipe Connection,0,,,,,,,,1,,,,
7,1.0,Female,Yes,500-1000L,No,,No,,,,7.5, ,Yes,Yes,No,No,Believe,1 MONTH,No,,No,No,Yes,No,Yes,,1,1,,4.0,PRIMARY EDUCATION,Degree,A2,5k-20k,Bore Well,Pipe Connection,0,,,,,,Garden,,0,Cleaning,0,Cooking,,,Bathing,,Pipe Connection,0,,,,,,,,1,,,,
8,1.0,Female,Yes,200-500L,No,,No,,,,,6.5,Yes,Yes,No,Yes,Believe,1 MONTH,No,,No,No,Yes,No,No,,,,,3.0,SECONDARY,Secondary,C,5k-20k,Bore Well,Pipe Connection,0,,,,,,Garden,,0,Cleaning,0,Cooking,,,Bathing,Bore Well,Pipe Connection,0,,,,,,,,1,,,,
9,1.0,Female,No,1000-2000L,No,,No,,,,6.5,,Yes,Yes,No,No,Not Believe,1 MONTH,Yes,COMPANY WATER,No,No,Yes,No,Yes,,,1,,3.0,PRIMARY EDUCATION,Degree,A2,5k-20k,Bore Well,,0,,,,,,Garden,Drinking,0,Cleaning,0,Cooking,,,Bathing,Bore Well,,0,,,,Rainwater,,,,1,,,,
10,1.0,Female,Yes,200-500L,Yes,Daily,No,,,,7.5,,Yes,Yes,No,No,Believe,6 MONTH,No,,No,No,Yes,No,Yes,,,,,4.0,PRIMARY EDUCATION,Degree,B2,5k-20k,Bore Well,,0,,,,,,,Drinking,0,Cleaning,0,Cooking,,,Bathing,Bore Well,,0,,,,,,,,1,,,,
11,1.0,Female,Yes,200-500L,No,,No,,,,,7,Yes,Yes,No,No,Believe,3 MONTH,,,No,No,Yes,No,No,,,,,1.0,SECONDARY,Secondary,D,5k-20k,Bore Well,Pipe Connection,0,,Well,,,,Garden,Drinking,0,Cleaning,0,Cooking,,,Bathing,Bore Well,Pipe Connection,0,,Well,,,,,,1,,,,
12,1.0,Female,No,1000-2000L,No,Rarely,No,,,,6.9,,No,No,No,No,Not Believe,1 MONTH,Yes,COMPANY WATER,No,No,Yes,No,Yes,,,,,2.0,PRIMARY EDUCATION,Primary,E1,5k-20k,Bore Well,,0,,,,,,Garden,Drinking,0,Cleaning,0,Cooking,,,Bathing,Bore Well,,0,,,,,,,,1,,,,
13,1.0,Female,Yes,500-1000L,Yes,Monthly,No,,,,6.0,,Yes,Yes,No,No,Believe,6 MONTH,No,,No,No,Yes,No,Yes,,2,1,1,3.0,SECONDARY,Post Degree,A1,75k-1L,,Pipe Connection,0,,Well,,,,Garden,Drinking,0,Cleaning,0,Cooking,,,Bathing,Bore Well,Pipe Connection,0,,,,,,,,1,,,,
14,1.0,Male,Yes,200-500L,Yes,Rarely,No,,,,6.0,,Yes,Yes,Yes,No,Believe,3 MONTH,Yes,COMPANY WATER,,No,Not Sure,No,No,,,,,3.0,SECONDARY,Secondary,,5k-20k,Bore Well,Pipe Connection,0,,,,,,,Drinking,0,,0,Cooking,,,Bathing,,Pipe Connection,0,,,,,,,,1,,,,
15,1.0,Female,Yes,500-1000L,No,,No,,,,6.5,,Yes,Yes,No,No,Believe,1 MONTH,Yes,COMPANY WATER,No,No,Yes,No,Not Sure,,,,,4.0,DEGREE,Higher Secondary,C,5k-20k,Bore Well,Pipe Connection,0,,,,,,,Drinking,0,Cleaning,0,Cooking,,,Bathing,,Pipe Connection,0,,,,,,,,1,,,,
16,1.0,Female,Yes,200-500L,Yes,Rarely,No,,,,,7,Yes,Yes,No,No,Believe,1 MONTH,No,,No,No,Yes,No,Yes,,,,2,4.0,HIGHER SECONDARY,Higher Secondary,B1,5k-20k,,Pipe Connection,0,,,,,,Garden,Drinking,0,Cleaning,0,Cooking,,,Bathing,,Pipe Connection,0,,,,,,,,1,,,,
17,1.0,Female,Yes,500-1000L,Yes,Rarely,No,,,,6.0,,Yes,Yes,No,No,Believe,3 MONTH,No,,No,No,Yes,No,Yes,,,,1,3.0,DEGREE,Higher Secondary,C,20k-40k,,,1,,,,,,Garden,Drinking,0,Cleaning,0,Cooking,,,Bathing,,Pipe Connection,0,,,,,,,,1,,,,
18,1.0,Female,Yes,200-500L,No,,No,,,,,7,Yes,Yes,No,No,Believe,6 MONTH,Yes,COMPANY WATER,No,No,Yes,No,Not Sure,,,,,4.0,DEGREE,Degree,A2,5k-20k,,Pipe Connection,0,,,,,,,Drinking,0,,0,Cooking,,,Bathing,,Pipe Connection,0,,,,,,,,1,,,,
19,1.0,Female,Yes,2000L+,Yes,Rarely,No,,,,,7,Yes,Yes,No,No,Believe,1 MONTH,Yes,COMPANY WATER,No,No,Yes,No,No,,2,,,3.0,HIGHER SECONDARY,Degree,D,5k-20k,Bore Well,Pipe Connection,0,,,,,,Garden,Drinking,0,Cleaning,0,Cooking,,,Bathing,Bore Well,Pipe Connection,0,,,,,,,,1,,,,
20,1.0,Female,Yes,200-500L,Yes,Rarely,No,,,,6.0,,Yes,Yes,Yes,No,Believe,6 MONTH,No,,No,No,Yes,No,No,,,,,4.0,HIGHER SECONDARY,Higher Secondary,D,5k-20k,Bore Well,Pipe Connection,0,,,,,,,Drinking,0,Cleaning,0,Cooking,,,Bathing,,Pipe Connection,0,,,,,,,,1,,,,
21,1.0,Male,Yes,200-500L,Yes,Monthly,No,,,,6.0,,No,Yes,No,No,Believe,1 YEAR,Yes,COMPANY WATER,No,No,Yes,No,No,,,,,4.0,PRIMARY EDUCATION,Secondary,C,5k-20k,Bore Well,Pipe Connection,0,,,,,,,Drinking,0,Cleaning,0,Cooking,,,Bathing,,Pipe Connection,0,,,,,,,,1,,,,
22,1.0,Male,Yes,Below 100L,No,Rarely,No,,,,6.5,,Yes,Yes,No,No,Believe,1 YEAR,No,,No,No,Yes,No,Not Sure,,,,,2.0,SECONDARY,Post Degree,A1,1L+,Bore Well,Pipe Connection,0,,,,,,,Drinking,0,Cleaning,0,Cooking,,,Bathing,Bore Well,Pipe Connection,0,,,,,,,,1,,,,
23,1.0,Female,Yes,500-1000L,No,Rarely,No,,,,,7,Yes,Yes,No,No,Believe,6 MONTH,No,,No,No,Yes,No,Not Sure,,,,,4.0,POST DEGREE,Post Degree,B2,40k-60k,Bore Well,Pipe Connection,0,,,,,,,Drinking,0,Cleaning,0,Cooking,,,Bathing,,Pipe Connection,0,,,,,,,,1,,,,
24,1.0,Male,Yes,200-500L,Yes,Rarely,No,,,,,5.8,Yes,Yes,No,No,Believe,1 MONTH,No,,Yes,No,Yes,No,Yes,,,1,,3.0,SECONDARY,Secondary,D,5k-20k,,Pipe Connection,0,,,,,,,Drinking,0,,0,Cooking,,,Bathing,,Pipe Connection,0,,,,,,,,0,River/Backwater,,,
25,1.0,Female,Yes,200-500L,Yes,Rarely,Yes,,,,,6.5,Yes,No,No,No,Believe,3 MONTH,Yes,TRADITIONAL METHODS,Yes,No,Yes,No,No,,,1,,3.0,SECONDARY,Post Degree,B2,5k-20k,,Pipe Connection,0,,,,Rainwater,,,Drinking,0,,0,Cooking,,,Bathing,,Pipe Connection,0,,,,Rainwater,,,,1,,,,
26,1.0,Female,Yes,100-200L,Yes,Rarely,No,,,,,7.5,Yes,Yes,No,No,Believe,,No,,No,No,Yes,No,Yes,,,,,4.0,SECONDARY,Primary,,5k-20k,Bore Well,Pipe Connection,0,,,,,,,Drinking,0,,0,Cooking,,,Bathing,,Pipe Connection,0,,,,,,Bore Well,,0,River/Backwater,,,
27,1.0,Female,Yes,Below 100L,No,,No,,,,,7.5,Yes,Yes,No,No,Believe,1 MONTH,No,,No,No,Yes,No,Yes,,,,,1.0,SECONDARY,Secondary,,5k-20k,,Pipe Connection,0,,,,,,,Drinking,0,,0,Cooking,,,Bathing,,Pipe Connection,0,,,,,,,,1,,,,
28,1.0,,Yes,200-500L,Yes,Rarely,Yes,,,,,7,Yes,Yes,Yes,No,Believe,1 MONTH,No,,No,No,Yes,No,Yes,,,1,,4.0,DEGREE,Degree,,5k-20k,,Pipe Connection,0,,,,,,,Drinking,0,,0,Cooking,,,Bathing,,Pipe Connection,0,,,,,,,,0,,,,Pond
29,1.0,,Yes,200-500L,No,,No,,,,,6.2,Yes,Yes,No,No,Believe,1 MONTH,No,,No,No,Yes,Yes,No,,,,,4.0,HIGHER SECONDARY,Secondary,,5k-20k,,Pipe Connection,0,,,,,,,Drinking,0,Cleaning,0,Cooking,,,Bathing,Bore Well,Pipe Connection,0,,,,,,,,1,,,,
30,1.0,,Yes,200-500L,No,,No,,,,,6.7,No,No,No,No,Believe,1 MONTH,No,,No,No,Not Sure,Yes,Yes,,,,,6.0,,Higher Secondary,,5k-20k,,Pipe Connection,0,,,,,,,Drinking,0,,0,Cooking,,,Bathing,,Pipe Connection,0,,,,,,,,1,,,,
31,1.0,,Yes,500-1000L,Yes,Rarely,No,,,,,5.3,No,No,No,No,Believe,6 MONTH,No,,No,No,Not Sure,No,Yes,,,,,6.0,PRIMARY EDUCATION,Secondary,,5k-20k,,Pipe Connection,0,,,,,,,Drinking,0,,0,Cooking,,,Bathing,,Pipe Connection,0,,,,,,,,0,River/Backwater,,,
32,1.0,,Yes,200-500L,Yes,Rarely,No,,,,,7,Yes,Yes,No,No,Believe,1 MONTH,No,,No,No,Yes,No,No,,,,,6.0,PRIMARY EDUCATION,Degree,,5k-20k,,Pipe Connection,0,,,,,,,Drinking,0,,0,Cooking,,,Bathing,,Pipe Connection,0,,,,,,,,0,River/Backwater,,,
33,1.0,,Yes,200-500L,No,,Yes,,,,,4.8,No,No,No,No,Believe,1 MONTH,No,,No,No,Yes,No,No,,,,,3.0,PRIMARY EDUCATION,Secondary,,5k-20k,,Pipe Connection,0,,,,,,,Drinking,0,,0,Cooking,,,Bathing,,Pipe Connection,0,,,,,,,,0,River/Backwater,,,
34,1.0,,Yes,100-200L,No,,No,,,,,5,Yes,Yes,No,No,Believe,1 MONTH,No,,No,No,Yes,No,Yes,,,,,4.0,SECONDARY,Secondary,,5k-20k,,Pipe Connection,0,,,,,,,Drinking,0,,0,Cooking,,,Bathing,,Pipe Connection,0,,,,,,,,0,River/Backwater,,,
35,1.0,,Yes,200-500L,No,,No,,,,,6.5,No,No,No,No,Believe,6 MONTH,No,,Yes,No,No,No,No,,,1,1,4.0,SECONDARY,Secondary,,5k-20k,,Pipe Connection,0,,,,,,,Drinking,0,,0,Cooking,,,Bathing,,Pipe Connection,0,,,,,,,,1,,,,
36,1.0,,Yes,Below 100L,No,,No,,,,,7.2,No,No,No,No,Believe,1 MONTH,No,,No,No,Yes,No,No,,,,,2.0,PRIMARY EDUCATION,Degree,,5k-20k,Bore Well,Pipe Connection,0,,,,,,,Drinking,0,,0,Cooking,,,Bathing,Bore Well,Pipe Connection,0,,,,,,,,0,River/Backwater,,,
37,1.0,,Yes,100-200L,No,,No,,,,,5.6,Yes,Yes,No,Yes,Believe,3 MONTH,,COMPANY WATER,Yes,No,Yes,No,Yes,,,,1,2.0,DEGREE,Secondary,,5k-20k,,Pipe Connection,0,,,,,,,Drinking,0,,0,Cooking,,,Bathing,,Pipe Connection,0,,,,,,,,1,,,,
38,1.0,Female,Yes,500-1000L,No,,Yes,,,,,8,Yes,Yes,Yes,No,Not Believe,1 MONTH,No,,No,No,Yes,No,Not Sure,,,,1,5.0,PRIMARY EDUCATION,Higher Secondary,b2,5k-20k,,Pipe Connection,0,,,,,,Garden,Drinking,0,Cleaning,0,Cooking,,,Bathing,,Pipe Connection,0,,,,,,,,1,,,,
39,1.0,Female,Yes,500-1000L,Yes,Rarely,No,,,,,6.5,Yes,Yes,Yes,No,Believe,6 MONTH,No,,No,No,No,No,No,,,,1,4.0,DEGREE,Degree,b1,20k-40k,,Pipe Connection,0,,,,,,,Drinking,0,Cleaning,0,Cooking,,,Bathing,,Pipe Connection,0,,,,,,,,1,,,,
40,1.0,Female,Yes,500-1000L,Yes,Weekly,Yes,,,,,7.23,Yes,Yes,No,No,Not Believe,3 MONTH,No,,No,No,Not Sure,No,No,,,1,,3.0,HIGHER SECONDARY,Higher Secondary,c,40k-60k,,Pipe Connection,0,,,,,,,Drinking,0,,0,Cooking,,,Bathing,,Pipe Connection,0,,,,,,,Pipe Connection,0,,,,
41,1.0,Male,Yes,500-1000L,Yes,Weekly,Yes,,,,,7.1,Yes,Yes,Yes,No,Not Believe,3 MONTH,No,,No,No,No,No,No,,,,,5.0,HIGHER SECONDARY,Higher Secondary,b1,40k-60k,,Pipe Connection,0,,,,,,,Drinking,0,,0,Cooking,,,Bathing,,Pipe Connection,0,,,,,,,,1,,,,
42,1.0,Female,Yes,2000L+,No,,No,,,,,7,Yes,Yes,No,No,Not Believe,1 YEAR,No,,No,No,Yes,No,Not Sure,,,,1,2.0,DEGREE,Degree,b2,5k-20k,,Pipe Connection,0,,,,,,,Drinking,0,Cleaning,0,Cooking,,,Bathing,,Pipe Connection,0,,,,,,,,1,,,,
43,1.0,Female,Yes,1000-2000L,Yes,Monthly,No,,,,,6,Yes,Yes,No,No,Believe,3 MONTH,No,,No,No,Not Sure,No,Not Sure,,,,,5.0,PRIMARY EDUCATION,Higher Secondary,C,5k-20k,,Pipe Connection,0,,,,,,Garden,Drinking,0,Cleaning,0,Cooking,,Farming,Bathing,,Pipe Connection,0,,,,,,,,1,,,,
44,1.0,Male,No,1000-2000L,No,,No,,,,8.0,,No,No,Yes,No,,1 MONTH,No,,No,No,Not Sure,No,Yes,,,,,2.0,SECONDARY,Secondary,c,5k-20k,Bore Well,,0,,,,,,Garden,Drinking,0,Cleaning,0,Cooking,,Farming,Bathing,Bore Well,,0,,,,,,Bore Well,,0,,,,
45,1.0,Female,Yes,500-1000L,Yes,Monthly,No,,,,,7.5,Yes,Yes,No,No,Not Believe,6 MONTH,No,,Yes,No,Yes,No,Yes,,,,,2.0,SECONDARY,Post Degree,b1,5k-20k,,Pipe Connection,0,,,,,,,Drinking,0,,0,Cooking,,,Bathing,,Pipe Connection,0,,,,,,,,1,,,,
46,1.0,Female,Yes,500-1000L,Yes,Rarely,No,,,,6.0,,No,Yes,No,No,Believe,6 MONTH,No,,No,No,Yes,No,No,,,,,3.0,SECONDARY,Primary,d,5k-20k,Bore Well,Pipe Connection,0,,,,,,Garden,Drinking,0,Cleaning,0,Cooking,,,Bathing,,Pipe Connection,0,,,,,,,,1,,,,
47,1.0,Female,Yes,Below 100L,Yes,Weekly,No,,,,,6.5,No,No,No,No,Not Believe,1 YEAR,No,,Yes,No,No,No,No,,,2,,5.0,HIGHER SECONDARY,Secondary,c,5k-20k,,Pipe Connection,0,,,,,,Garden,Drinking,0,Cleaning,0,Cooking,,Farming,Bathing,,Pipe Connection,0,,,,,,,,0,,,,Pond
48,1.0,Female,Yes,500-1000L,Yes,Monthly,No,,,,,6,Yes,No,No,No,Not Believe,3 MONTH,Yes,COMPANY WATER,Yes,No,Yes,No,No,,,,,5.0,SECONDARY,Secondary,d,5k-20k,,Pipe Connection,0,,,,,,Garden,Drinking,0,Cleaning,0,Cooking,,,Bathing,,Pipe Connection,0,,,,,,,,1,,,,
49,1.0,Male,Yes,200-500L,No,,No,,,,7.0,,Yes,Yes,No,Yes,Believe,3 MONTH,No,,No,No,Yes,No,No,,,,,5.0,HIGHER SECONDARY,Higher Secondary,c,5k-20k,Bore Well,Pipe Connection,0,,,,,,,Drinking,0,,0,Cooking,,,Bathing,Bore Well,Pipe Connection,0,,,,,,,,1,,,,
50,1.0,,,,,,,,,,,,,,,,,,,,,,,,,,,,,,,,,,,,1,,,,,,,,1,,0,,,,,,,1,,,,,,,,1,,,,
51,1.0,Female,Yes,500-1000L,Yes,Rarely,No,,,,,6,Yes,Yes,No,No,Believe,6 MONTH,No,,No,No,Yes,No,No,,,,,4.0,POST DEGREE,Post Degree,a2,20k-40k,Bore Well,Pipe Connection,0,,,,,,Garden,Drinking,0,Cleaning,0,Cooking,,,Bathing,Bore Well,Pipe Connection,0,,,,,,,,1,,,,
52,1.0,Male,Yes,Below 100L,Yes,Daily,No,,,,,7,Yes,No,Yes,No,Not Believe,1 MONTH,Yes,COMPANY WATER,No,No,Yes,No,Yes,,,,,2.0,PRIMARY EDUCATION,Primary,e1,5k-20k,Bore Well,Pipe Connection,0,,,,,,,Drinking,0,Cleaning,0,Cooking,,,Bathing,Bore Well,,0,,,,,,,,1,,,,
53,1.0,Female,Yes,500-1000L,No,,No,,,,,6,No,Yes,No,No,Not Believe,3 MONTH,No,,No,No,No,No,No,,,,,4.0,HIGHER SECONDARY,Secondary,e2,20k-40k,,Pipe Connection,0,,,,,,,Drinking,0,Cleaning,0,Cooking,,,,,Pipe Connection,0,,,,,,,,1,,,,
54,1.0,Female,Yes,1000-2000L,Yes,Rarely,No,,,,,6.5,Yes,Yes,No,No,Believe,6 MONTH,No,,Yes,No,Yes,No,No,,,1,,4.0,HIGHER SECONDARY,Secondary,e1,5k-20k,,Pipe Connection,0,,,,,,,Drinking,0,Cleaning,0,Cooking,,,Bathing,,Pipe Connection,0,,,,,,,,1,,,,
55,1.0,Female,Yes,200-500L,Yes,Rarely,No,,,,,6.5,Yes,Yes,No,No,Believe,6 MONTH,No,,No,No,Yes,No,No,,,,,2.0,HIGHER SECONDARY,Higher Secondary,c,5k-20k,,Pipe Connection,0,,,,,,,Drinking,0,Cleaning,0,Cooking,,,Bathing,,Pipe Connection,0,,,,,,,,1,,,,
56,1.0,Female,Yes,500-1000L,Yes,Rarely,No,,,,,6,Yes,Yes,No,No,Believe,1 MONTH,No,,Yes,No,Yes,No,No,,,,,3.0,DEGREE,Degree,a2,5k-20k,,Pipe Connection,0,,,,,,Garden,Drinking,0,Cleaning,0,Cooking,,,Bathing,,Pipe Connection,0,,,,,,,,1,,,,
57,1.0,Female,Yes,1000-2000L,Yes,Rarely,No,,,,,6,No,No,No,No,Believe,3 MONTH,No,,No,No,Yes,No,No,,,,,2.0,HIGHER SECONDARY,Post Degree,B2,5k-20k,,Pipe Connection,0,,,,,,,Drinking,0,Cleaning,0,Cooking,,,,,Pipe Connection,0,,,,,,,,1,,,,
58,1.0,Female,Yes,1000-2000L,No,,Yes,,,,,7,Yes,Yes,No,No,Believe,1 MONTH,Yes,COMPANY WATER,No,No,Yes,No,No,,,,,4.0,SECONDARY,Higher Secondary,C,5k-20k,,Pipe Connection,0,,,,,,Garden,Drinking,0,Cleaning,0,Cooking,,,,,Pipe Connection,0,,,,,,,,1,,,,
59,1.0,Female,Yes,500-1000L,Yes,Rarely,No,,,,,6,No,Yes,No,No,Believe,3 MONTH,No,,No,No,Yes,No,No,,,,,2.0,DEGREE,Secondary,E1,5k-20k,,Pipe Connection,0,,,,,,,Drinking,0,Cleaning,0,Cooking,,,,,Pipe Connection,0,,,,,,,,1,,,,
60,1.0,Female,Yes,500-1000L,Yes,Rarely,No,,,,,6.5,Yes,Yes,No,No,Believe,3 MONTH,No,,No,No,Yes,No,No,,,,,4.0,DEGREE,Higher Secondary,C,60k-75k,,Pipe Connection,0,,,,,,,Drinking,0,Cleaning,0,Cooking,,,Bathing,,Pipe Connection,0,,,,,,,,1,,,,
61,1.0,Male,Yes,500-1000L,Yes,Monthly,No,,,,,6.5,Yes,Yes,No,No,Believe,6 MONTH,No,,No,No,Yes,No,No,,,,,4.0,HIGHER SECONDARY,Higher Secondary,C,5k-20k,,Pipe Connection,0,,,,,,,Drinking,0,,0,Cooking,,,Bathing,,Pipe Connection,0,,,,,,,,1,,,,
62,1.0,Female,Yes,500-1000L,Yes,Rarely,No,,,,,6.5,Yes,Yes,No,No,Believe,1 MONTH,No,,Yes,No,Yes,No,No,,,,,4.0,SECONDARY,Degree,b1,5k-20k,,Pipe Connection,0,,,,,,,Drinking,0,Cleaning,0,Cooking,,,Bathing,,Pipe Connection,0,,,,,,,,1,,,,
63,1.0,Female,Yes,1000-2000L,Yes,Monthly,Yes,,,,,6.5,Yes,No,No,No,Believe,1 MONTH,Yes,RO PLANT,Yes,No,Yes,Yes,No,,,,1,5.0,POST DEGREE,Post Degree,d,5k-20k,Bore Well,Pipe Connection,0,,,,,,Garden,Drinking,0,Cleaning,0,Cooking,,,Bathing,Bore Well,,0,,,,,,,,1,,,,
64,1.0,Female,Yes,500-1000L,No,,No,,,,,7,No,Yes,No,No,Believe,6 MONTH,No,,Yes,No,No,No,No,,,,,4.0,HIGHER SECONDARY,Secondary,e1,5k-20k,,Pipe Connection,0,,,,,,,Drinking,0,,0,Cooking,,,Bathing,,Pipe Connection,0,,,,,,,,1,,,,
65,1.0,,,,,,,,,,,,,,,,,,,,,,,,,,,,,,,,,,,,1,,,,,,,,1,,0,,,,,,,1,,,,,,,,1,,,,
66,1.0,,,,,,,,,,,,,,,,,,,,,,,,,,,,,,,,,,,,1,,,,,,,,1,,0,,,,,,,1,,,,,,,,1,,,,
67,1.0,Male,Yes,200-500L,No,,No,,,,,6.5,Yes,Yes,No,No,Believe,1 MONTH,No,,No,No,Yes,No,Not Sure,,,,,5.0,PRIMARY EDUCATION,Primary,E1,,,Pipe Connection,0,,,,,,,Drinking,0,Cleaning,0,Cooking,,,Bathing,,Pipe Connection,0,,,,,,,,1,,,,
68,1.0,Female,Yes,200-500L,No,,No,,,,,7.5,Yes,Yes,No,No,Believe,,No,,No,No,Yes,No,Yes,,,,,4.0,SECONDARY,Higher Secondary,D,5k-20k,Bore Well,Pipe Connection,0,,,,,,Garden,Drinking,0,Cleaning,0,Cooking,,,Bathing,,Pipe Connection,0,,,,,,,,1,,,,
69,1.0,Female,Yes,500-1000L,No,,No,,,,7.5,,Yes,Yes,No,No,Believe,6 MONTH,No,,No,No,Yes,No,No,,,,1,4.0,SECONDARY,Primary,E1,5k-20k,Bore Well,Pipe Connection,0,,,,,,,Drinking,0,Cleaning,0,Cooking,,,Bathing,,Pipe Connection,0,,,,,,,,1,,,,
70,1.0,Male,Yes,500-1000L,No,,No,,,,,7,Yes,Yes,No,No,Believe,1 MONTH,Yes,COMPANY WATER,No,No,Yes,No,Not Sure,,,,,2.0,SECONDARY,Secondary,B1,5k-20k,Bore Well,Pipe Connection,0,,,,,,,Drinking,0,Cleaning,0,Cooking,,,Bathing,Bore Well,Pipe Connection,0,,,,,,,,1,,,,
71,1.0,Female,Yes,500-1000L,Yes,Rarely,No,,,,,7.5,Yes,Yes,No,No,Believe,3 MONTH,No,,No,No,Yes,No,Yes,,,,,3.0,HIGHER SECONDARY,Higher Secondary,B2,5k-20k,Bore Well,Pipe Connection,0,,,,,,Garden,Drinking,0,Cleaning,0,Cooking,,,Bathing,,Pipe Connection,0,,,,,,,,1,,,,
72,1.0,Female,Yes,500-1000L,No,,No,,,,,6.5,Yes,Yes,No,No,Believe,3 MONTH,Yes,COMPANY WATER,No,No,Yes,No,No,,,,1,3.0,POST DEGREE,Post Degree,B2,40k-60k,Bore Well,Pipe Connection,0,,,,,,,Drinking,0,Cleaning,0,Cooking,,,Bathing,,Pipe Connection,0,,,,,,,,1,,,,
73,1.0,Male,No,500-1000L,No,,No,,,,7.5,,Yes,Yes,Yes,No,Not Believe,6 MONTH,No,,,No,Yes,No,Not Sure,,,,,5.0,PRIMARY EDUCATION,Primary,E1,5k-20k,Bore Well,Pipe Connection,0,,,,,,Garden,Drinking,0,Cleaning,0,Cooking,,,Bathing,Bore Well,Pipe Connection,0,,,,,,,,1,,,,
74,1.0,Male,Yes,200-500L,No,,No,,,,,6.5,Yes,Yes,Yes,No,Not Believe,1 YEAR,No,,No,No,Yes,No,No,,,,1,2.0,PRIMARY EDUCATION,Degree,b1,40k-60k,Bore Well,Pipe Connection,0,,,,,,,Drinking,0,Cleaning,0,Cooking,,,Bathing,,Pipe Connection,0,,,,,,,,1,,,,
75,1.0,Female,Yes,200-500L,Yes,Monthly,Yes,,,,,6.5,No,No,Yes,No,Believe,1 MONTH,Yes,COMPANY WATER,Yes,No,Yes,No,No,,,2,,3.0,PRIMARY EDUCATION,Degree,a2,5k-20k,,Pipe Connection,0,,,,,,Garden,Drinking,0,Cleaning,0,Cooking,,,Bathing,,Pipe Connection,0,,,,,,,,1,,,,
76,1.0,Female,Yes,500-1000L,No,,No,,,,,7.5,Yes,Yes,No,No,Believe,6 MONTH,No,,No,No,Yes,No,No,,,1,,4.0,PRIMARY EDUCATION,Post Degree,a2,20k-40k,Bore Well,Pipe Connection,0,,,,,,,Drinking,0,Cleaning,0,Cooking,,,Bathing,,Pipe Connection,0,,,,,,,,1,,,,
77,1.0,Female,Yes,Below 100L,No,,No,,,,6.5,,Yes,Yes,No,No,Believe,6 MONTH,No,,Yes,No,No,,,,,,,2.0,PRIMARY EDUCATION,Higher Secondary,d,5k-20k,,Pipe Connection,0,,,,,,Garden,Drinking,0,Cleaning,0,Cooking,,,Bathing,Bore Well,,0,,,,,,,,0,,Well,,
78,1.0,Female,Yes,200-500L,No,,No,,,,,7.5,Yes,Yes,No,No,Believe,3 MONTH,No,,No,No,No,,,,,,1,3.0,HIGHER SECONDARY,Higher Secondary,b2,5k-20k,,Pipe Connection,0,,,,,,,Drinking,0,Cleaning,0,Cooking,,,Bathing,,Pipe Connection,0,,,,,,,,1,,,,
79,1.0,Female,Yes,100-200L,No,,Yes,,,,,7.25,Yes,Yes,No,No,Not Believe,1 MONTH,No,COMPANY WATER,No,No,Yes,No,No,,,,,4.0,PRIMARY EDUCATION,Degree,a2,5k-20k,,Pipe Connection,0,,,,,,Garden,Drinking,0,Cleaning,0,Cooking,,,Bathing,,Pipe Connection,0,,,,,,,,1,,,,
80,1.0,,Yes,500-1000L,No,,Yes,,,,,8,Yes,Yes,Yes,No,Not Believe,1 MONTH,No,,No,No,Yes,No,Not Sure,,,,1,5.0,,Higher Secondary,,5k-20k,,Pipe Connection,0,,,,,,Garden,Drinking,0,Cleaning,0,Cooking,,,Bathing,,Pipe Connection,0,,,,,,,,1,,,,
81,1.0,Male,Yes,500-1000L,No,,No,,,,,7.8,Yes,Yes,No,No,Believe,1 MONTH,Yes,PURIFIER,No,No,Yes,No,,,,,,2.0,HIGHER SECONDARY,Higher Secondary,d,5k-20k,,Pipe Connection,0,,,,,,,Drinking,0,Cleaning,0,Cooking,,,Bathing,Bore Well,,0,,,,,,,,1,,,,
82,1.0,Female,Yes,Below 100L,,Monthly,No,,,,,7.6,Yes,Yes,No,No,Believe,3 MONTH,Yes,,No,No,Not Sure,No,No,,,,,2.0,HIGHER SECONDARY,Degree,B2,5k-20k,,Pipe Connection,0,,,,,,,Drinking,0,Cleaning,0,Cooking,,,Bathing,,Pipe Connection,0,,,,,,,,1,,,,
83,1.0,Female,No,200-500L,Yes,Rarely,No,,,,6.3,,No,No,No,No,Believe,1 YEAR,No,,No,No,Not Sure,No,Yes,,,,,5.0,DEGREE,Secondary,D,5k-20k,,Pipe Connection,0,,,,,,,Drinking,0,Cleaning,0,Cooking,,,Bathing,Bore Well,,0,,,,,,,,1,,,,
84,1.0,Male,Yes,200-500L,No,,Yes,,,,,5.7,Yes,Yes,No,No,Not Believe,1 MONTH,,,No,No,No,No,No,1,1,,,2.0,SECONDARY,Secondary,D,5k-20k,,Pipe Connection,0,,,,,,,Drinking,0,Cleaning,0,Cooking,,,Bathing,Bore Well,,0,,,,,,Bore Well,,0,,,,
85,1.0,Female,No,200-500L,Yes,Monthly,No,,,,,5.5,No,No,Yes,No,Believe,1 MONTH,No,,No,No,Yes,No,No,,,1,,3.0,DEGREE,Higher Secondary,D,5k-20k,,Pipe Connection,0,,,,,Pond,,Drinking,0,,0,Cooking,,,Bathing,,Pipe Connection,0,,,,Rainwater,,,,1,,,,
86,1.0,Female,Yes,100-200L,,Rarely,No,,,,,7.5,No,Yes,Yes,No,Not Believe,1 YEAR,Yes,COMPANY WATER,Yes,No,Not Sure,No,Yes,,,,,6.0,PRIMARY EDUCATION,Higher Secondary,B2,5k-20k,,Pipe Connection,0,,,,,,,Drinking,0,Cleaning,0,Cooking,,,Bathing,,Pipe Connection,0,,,,,,,,1,,,,
87,1.0,Female,Yes,500-1000L,Yes,Rarely,No,,,,,7.5,No,No,Yes,No,Believe,,Yes,COMPANY WATER,Yes,No,Yes,No,Yes,,,2,,3.0,DEGREE,Higher Secondary,B1,20k-40k,Bore Well,Pipe Connection,0,,,,,,,Drinking,0,Cleaning,0,Cooking,,,Bathing,Bore Well,Pipe Connection,0,,,,,,,,1,,,,
88,1.0,Female,Yes,500-1000L,Yes,Rarely,No,,,,,7.5,Yes,No,Yes,No,Believe,1 YEAR,Yes,COMPANY WATER,No,No,Yes,No,Yes,,,,,2.0,SECONDARY,Secondary,B1,20k-40k,Bore Well,Pipe Connection,0,,,,,,,Drinking,0,,0,Cooking,,,Bathing,Bore Well,Pipe Connection,0,,,,,,,,1,,,,
89,1.0,Male,Yes,Below 100L,Yes,Rarely,No,,,,,7.5,No,No,Yes,No,Believe,3 MONTH,No,,No,No,No,No,Yes,,,,,4.0,SECONDARY,Degree,A2,40k-60k,,Pipe Connection,0,,,,,,Garden,,0,Cleaning,0,Cooking,,,Bathing,,Pipe Connection,0,,,,,,,,1,,,,
90,1.0,Female,Yes,200-500L,Yes,Rarely,No,,,,,7.5,Yes,Yes,No,No,Believe,1 YEAR,No,,Yes,No,Yes,No,Not Sure,,,,,2.0,DEGREE,Degree,B2,5k-20k,,Pipe Connection,0,,,,,,,Drinking,0,Cleaning,0,Cooking,,,Bathing,,Pipe Connection,0,,,,,,,,1,,,,
91,1.0,Female,Yes,500-1000L,No,,No,,,,,7.6,Yes,Yes,No,No,Believe,1 MONTH,No,,No,No,Yes,No,No,,,,1,4.0,HIGHER SECONDARY,Degree,C,5k-20k,,Pipe Connection,0,,,,,,,Drinking,0,Cleaning,0,Cooking,,,Bathing,,Pipe Connection,0,,,,,,,,1,,,,
92,1.0,Male,Yes,200-500L,No,,No,,,,,7.5,Yes,Yes,No,No,Believe,1 MONTH,No,,No,No,Yes,No,No,,,,,4.0,SECONDARY,Secondary,C,5k-20k,,Pipe Connection,0,,,,,,,Drinking,0,,0,Cooking,,,Bathing,,Pipe Connection,0,,,,,,,,1,,,,
93,1.0,Female,No,500-1000L,,,No,,,,,7.8,Yes,Yes,No,No,Believe,6 MONTH,No,,No,No,Yes,No,No,,,1,1,4.0,PRIMARY EDUCATION,Higher Secondary,B1,5k-20k,,Pipe Connection,0,,,,,,,Drinking,0,,0,Cooking,,,,,Pipe Connection,0,,,,,,,,1,,,,
94,1.0,Female,Yes,200-500L,No,,No,,,,,5,Yes,Yes,No,No,Believe,1 MONTH,No,,No,No,Yes,No,No,,,,,4.0,SECONDARY,Secondary,C,5k-20k,,Pipe Connection,0,,,,,,,Drinking,0,,0,Cooking,,,Bathing,,Pipe Connection,0,,,,,,,,1,,,,
95,1.0,Female,Yes,500-1000L,No,,No,,,,,7.8,No,No,No,No,Believe,1 MONTH,No,,No,No,Not Sure,No,No,,,,1,4.0,PRIMARY EDUCATION,Primary,E1,5k-20k,,Pipe Connection,0,,,,,,,Drinking,0,Cleaning,0,Cooking,,,Bathing,,Pipe Connection,0,,,,,,,,1,,,,
96,1.0,Male,Yes,200-500L,No,Rarely,No,,,,,6.5,,No,Yes,No,Believe,3 MONTH,No,,No,No,No,Yes,Yes,,,,,4.0,HIGHER SECONDARY,Higher Secondary,C,20k-40k,,Pipe Connection,0,,,,,,Garden,Drinking,0,Cleaning,0,Cooking,,,Bathing,,Pipe Connection,0,,,,,,,,1,,,,
97,1.0,Male,No,100-200L,Yes,Rarely,No,,,,7.8,,Yes,Yes,No,No,Not Believe,1 MONTH,No,,No,No,Yes,No,Yes,,,1,,5.0,SECONDARY,Higher Secondary,D,20k-40k,Bore Well,,0,,,,,,,Drinking,0,Cleaning,0,Cooking,,,Bathing,Bore Well,,0,,,,,,,,1,,,,
98,1.0,Female,No,200-500L,Yes,Rarely,No,,,,,7.5,No,No,No,Yes,Believe,1 MONTH,No,,No,No,Yes,No,No,,,,,2.0,SECONDARY,Higher Secondary,E1,5k-20k,,Pipe Connection,0,,,,,,,Drinking,0,Cleaning,0,Cooking,,,Bathing,,Pipe Connection,0,,,,,,,,1,,,,
99,1.0,Male,Yes,200-500L,Yes,Daily,No,,,,,7,Yes,Yes,No,No,Believe,3 MONTH,No,,No,No,Yes,No,No,,,,,4.0,HIGHER SECONDARY,Higher Secondary,C,5k-20k,,Pipe Connection,0,,,,,,Garden,Drinking,0,Cleaning,0,Cooking,,,Bathing,,Pipe Connection,0,,,,,,,,1,,,,
100,1.0,Female,Yes,Below 100L,No,,No,,,,,7.5,No,No,No,No,Believe,1 MONTH,No,,No,No,No,No,No,,,2,,6.0,HIGHER SECONDARY,Higher Secondary,C,5k-20k,,Pipe Connection,0,,,,,,,Drinking,0,Cleaning,0,Cooking,,,Bathing,,Pipe Connection,0,,,,,,,,1,,,,
101,1.0,Female,Yes,100-200L,Yes,Rarely,No,,,,,6.7,No,No,Yes,No,Believe,1 MONTH,No,,Yes,No,No,No,Not Sure,,,,,2.0,PRIMARY EDUCATION,Primary,E1,5k-20k,,Pipe Connection,0,,,,,,,Drinking,0,Cleaning,0,Cooking,,,Bathing,,Pipe Connection,0,,,,,,,,1,,,,
102,1.0,Female,Yes,200-500L,No,,No,,,,,6.9,Yes,Yes,Yes,No,Not Believe,3 MONTH,No,,No,No,No,No,Yes,,,,,6.0,PRIMARY EDUCATION,Primary,E1,5k-20k,Bore Well,Pipe Connection,0,,,,,,Garden,Drinking,0,Cleaning,0,Cooking,,,Bathing,,Pipe Connection,0,,,,,,,,0,River/Backwater,,,
103,1.0,Female,Yes,500-1000L,Yes,Rarely,No,,,,,5.5,No,No,Yes,No,Not Believe,1 YEAR,No,,Yes,No,No,No,No,,,1,,3.0,SECONDARY,Secondary,E1,5k-20k,,Pipe Connection,0,,,,,,,Drinking,0,Cleaning,0,Cooking,,,Bathing,,Pipe Connection,0,,Well,,,,,,1,,,,
104,1.0,Female,No,Below 100L,Yes,Rarely,No,,,,,7.9,No,No,No,Yes,Believe,3 MONTH,No,,No,No,Yes,No,No,,,,,1.0,HIGHER SECONDARY,,,,,Pipe Connection,0,,,,,,,Drinking,0,Cleaning,0,Cooking,,,Bathing,,Pipe Connection,0,,,,,,,,1,,,,
105,1.0,Female,Yes,200-500L,No,,No,,,,,6.8,Yes,Yes,No,No,Believe,,No,,No,No,Yes,No,Yes,,,1,,5.0,PRIMARY EDUCATION,Secondary,B2,5k-20k,,Pipe Connection,0,,,,,,,Drinking,0,Cleaning,0,Cooking,,,Bathing,,Pipe Connection,0,,,,,,,,1,,,,
106,1.0,Female,Yes,500-1000L,Yes,Rarely,No,,,,,7.8,Yes,Yes,No,No,Believe,1 YEAR,No,,No,No,Not Sure,No,Yes,,1,,1,3.0,PRIMARY EDUCATION,Degree,C,20k-40k,,Pipe Connection,0,,,,,,Garden,Drinking,0,Cleaning,0,Cooking,,,Bathing,,Pipe Connection,0,,,,,,,,1,,,,
107,1.0,Female,No,200-500L,No,,No,,,,,6.9,Yes,Yes,No,No,Believe,,No,,No,No,Yes,No,Yes,,,1,1,3.0,PRIMARY EDUCATION,Primary,C,20k-40k,,Pipe Connection,0,,,,,,,Drinking,0,Cleaning,0,Cooking,,,Bathing,,Pipe Connection,0,,,,,,,,1,,,,
108,1.0,Female,Yes,200-500L,Yes,Rarely,No,,,,,6.9,No,No,Yes,No,Believe,1 MONTH,No,,Yes,No,No,No,Yes,1,,,,5.0,HIGHER SECONDARY,Higher Secondary,E1,5k-20k,,Pipe Connection,0,,,,,,,Drinking,0,Cleaning,0,Cooking,,,Bathing,Bore Well,,0,,,,,,,,1,,,,
109,1.0,Male,No,100-200L,Yes,Rarely,No,,,,,7.5,No,Yes,Yes,Yes,Believe,1 MONTH,No,,No,No,Yes,No,Yes,,,,,4.0,HIGHER SECONDARY,Higher Secondary,D,5k-20k,,Pipe Connection,0,,,,,,,Drinking,0,Cleaning,0,Cooking,,,Bathing,,Pipe Connection,0,,,,,,,,1,,,,
110,1.0,Male,Yes,100-200L,,Daily,No,,,,,5,No,No,Yes,No,Believe,1 MONTH,Yes,COMPANY WATER,No,No,No,No,,,,,,4.0,POST DEGREE,Post Degree,A2,1L+,,Pipe Connection,0,,,,,,,Drinking,0,,0,Cooking,,,,,Pipe Connection,0,,,,,,Bore Well,,0,,,,
111,1.0,Female,Yes,Below 100L,Yes,Rarely,No,,,,,8,Yes,Yes,Yes,No,Believe,,No,,No,No,Not Sure,No,Yes,,,,,4.0,DEGREE,Degree,B2,20k-40k,,Pipe Connection,0,,,,,,,Drinking,0,Cleaning,0,Cooking,,,Bathing,,Pipe Connection,0,,,,,,Bore Well,,0,,,,
112,1.0,Male,No,200-500L,,,No,,,,6.5,7.5,Yes,Yes,No,No,Believe,3 MONTH,No,,No,No,Yes,No,Yes,,1,,1,6.0,SECONDARY,Degree,B1,20k-40k,Bore Well,Pipe Connection,0,,,,,,,Drinking,0,,0,Cooking,,,,Bore Well,,0,,,,,,Bore Well,,0,,,,
113,1.0,Female,No,Below 100L,Yes,Daily,No,,,,7.5,,Yes,Yes,No,No,Believe,1 MONTH,No,,No,No,Yes,No,Yes,,,,,3.0,PRIMARY EDUCATION,Secondary,B1,20k-40k,Bore Well,,0,,,,,,Garden,Drinking,0,Cleaning,0,Cooking,,,Bathing,Bore Well,,0,,,,,,,,1,,,,
114,1.0,Female,Yes,200-500L,Yes,Monthly,No,,,,,7.8,Yes,Yes,No,No,Believe,1 YEAR,Yes,COMPANY WATER,Yes,No,Yes,No,Yes,,,1,,3.0,HIGHER SECONDARY,Degree,B2,5k-20k,Bore Well,Pipe Connection,0,,,,,,,Drinking,0,Cleaning,0,Cooking,,,Bathing,,Pipe Connection,0,,,,,,,,0,,,,Pond
115,1.0,Female,No,500-1000L,No,,Yes,,,,,6.8,Yes,Yes,No,No,Believe,1 MONTH,No,,No,Yes,Not Sure,Yes,Not Sure,,,,1,8.0,DEGREE,Primary,E1,5k-20k,,Pipe Connection,0,,,,,,,Drinking,0,Cleaning,0,Cooking,,,Bathing,,Pipe Connection,0,,,,,,,,1,,,,
116,1.0,Female,No,Below 100L,No,Rarely,No,,,,,6,No,No,No,No,Believe,1 MONTH,No,,No,No,Yes,No,Yes,,,,,1.0,SECONDARY,Primary,E1,5k-20k,,Pipe Connection,0,,,,,,,Drinking,0,,0,,,,,,Pipe Connection,0,,,,,,,,1,,,,
117,1.0,Female,No,Below 100L,No,,No,,,,,8,No,Yes,No,No,Believe,,No,,No,No,Not Sure,No,No,,,,,4.0,PRIMARY EDUCATION,Primary,E1,5k-20k,,Pipe Connection,0,,,,,,,,0,Cleaning,0,,,,Bathing,,Pipe Connection,0,,,,,,,,1,,,,
118,1.0,Female,Yes,100-200L,Yes,Weekly,No,,,,,7.8,Yes,Yes,Yes,No,Not Believe,1 MONTH,No,,No,No,Not Sure,No,No,,,,,6.0,PRIMARY EDUCATION,Higher Secondary,C,5k-20k,,Pipe Connection,0,,,,,,,Drinking,0,Cleaning,0,Cooking,,,Bathing,,Pipe Connection,0,,,,,,,,1,,,,
119,1.0,Male,Yes,Below 100L,Yes,Rarely,No,,,,8.0,,No,Yes,No,No,Not Believe,1 MONTH,No,,Yes,No,No,No,Not Sure,,,,,6.0,HIGHER SECONDARY,Higher Secondary,B2,5k-20k,,Pipe Connection,0,,,,,,,Drinking,0,,0,Cooking,,,Bathing,Bore Well,,0,,,,,,Bore Well,,0,,,,
120,1.0,Female,Yes,200-500L,Yes,,No,,,,,,No,No,No,No,Believe,,No,,Yes,Yes,No,Yes,Yes,,,,1,4.0,PRIMARY EDUCATION,Degree,B2,5k-20k,,Pipe Connection,0,,,,,,,Drinking,0,Cleaning,0,Cooking,,,Bathing,,Pipe Connection,0,,,,,,,,1,,,,
121,1.0,Female,Yes,500-1000L,No,,No,,,,,8,Yes,Yes,No,No,Not Believe,6 MONTH,,COMPANY WATER,Yes,No,Yes,No,Not Sure,,,2,,5.0,SECONDARY,Degree,D,5k-20k,,Pipe Connection,0,,,,,,,,1,,0,,,,,,Pipe Connection,0,,,,,,,,1,,,,
122,1.0,Female,Yes,1000-2000L,No,,No,,,,,7.8,No,No,No,No,Not Believe,,No,,No,No,Yes,No,No,,,,,2.0,SECONDARY,Higher Secondary,B2,5k-20k,Bore Well,,0,,,,,,,Drinking,0,,0,,,,,Bore Well,,0,,,,Rainwater,,,,1,,,,
123,1.0,Male,Yes,Below 100L,,Weekly,4.0,2,,,7.0,7.5,Yes,Yes,No,No,Believe,6 MONTH,Yes,COMPANY WATER,No,No,Not Sure,No,Yes,,,,,4.0,DEGREE,Higher Secondary,B1,40k-60k,Bore Well,Pipe Connection,0,,,,,,,Drinking,0,Cleaning,0,,,,Bathing,Bore Well,,0,,,,,,Bore Well,,0,,,,
124,1.0,Female,No,1000-2000L,No,,No,,,,,6,Yes,Yes,No,No,Not Believe,1 YEAR,No,,No,No,Not Sure,No,Yes,,,,1,2.0,HIGHER SECONDARY,Secondary,B1,5k-20k,Bore Well,,0,,,,,,,Drinking,0,,0,,,,,Bore Well,,0,,,,,,Bore Well,,0,,,,
125,1.0,Female,No,500-1000L,,,Yes,,7.5,,,,Yes,Yes,No,No,Believe,3 MONTH,No,,No,No,Not Sure,No,Yes,,,,,3.0,HIGHER SECONDARY,Primary,D,5k-20k,,Pipe Connection,0,,,,,,,Drinking,0,Cleaning,0,Cooking,,,Bathing,Bore Well,,0,,,,,,,,0,,,,Pond
126,1.0,Female,No,1000-2000L,Yes,Rarely,No,,,,7.8,,Yes,Yes,Yes,No,Believe,3 MONTH,No,,No,No,Yes,No,No,,1,,,4.0,DEGREE,Secondary,D,5k-20k,Bore Well,,0,,,,,,,Drinking,0,Cleaning,0,Cooking,,,Bathing,Bore Well,,0,,,,,,,,0,,,,Pond
127,1.0,Male,No,500-1000L,No,,No,,,,,7.8,Yes,Yes,No,No,Not Believe,1 MONTH,No,,No,No,No,No,No,,,,,4.0,SECONDARY,Secondary,C,5k-20k,Bore Well,,0,,,,,,,Drinking,0,Cleaning,0,Cooking,,,Bathing,Bore Well,,0,,,,,,,,1,,,,
128,1.0,Female,No,500-1000L,No,,No,,,,,7.8,Yes,No,No,No,Believe,3 MONTH,No,,No,No,Yes,No,No,,,1,1,2.0,POST DEGREE,Degree,B1,5k-20k,,Pipe Connection,0,,,,,,,Drinking,0,Cleaning,0,Cooking,,,Bathing,,Pipe Connection,0,,,,,,,,1,,,,
129,1.0,Male,Yes,1000-2000L,Yes,Monthly,No,,,,,6.5,Yes,Yes,No,No,Believe,6 MONTH,Yes,PURIFIER,No,No,Yes,No,No,,,,2,2.0,SECONDARY,Secondary,E1,5k-20k,Bore Well,Pipe Connection,0,,,,,,Garden,Drinking,0,Cleaning,0,Cooking,,,Bathing,Bore Well,Pipe Connection,0,,,,,,,,1,,,,
130,1.0,Female,No,200-500L,No,,No,,,,,7.1,Yes,Yes,No,No,Believe,1 MONTH,No,,No,No,Yes,No,Yes,,,1,1,3.0,HIGHER SECONDARY,Secondary,D,5k-20k,,Pipe Connection,0,,,,,,Garden,Drinking,0,Cleaning,0,Cooking,,,Bathing,,Pipe Connection,0,,,,,,,,1,,,,
131,1.0,Female,No,100-200L,No,,No,,,,,7.5,Yes,No,No,No,Not Believe,3 MONTH,No,,No,No,Yes,No,Yes,,,,,2.0,SECONDARY,Secondary,D,5k-20k,,Pipe Connection,0,,,,,,,Drinking,0,Cleaning,0,Cooking,,,Bathing,,Pipe Connection,0,,,,,,,,1,,,,
132,1.0,Female,Yes,1000-2000L,Yes,Monthly,No,,,,,7,Yes,Yes,No,No,Believe,6 MONTH,Yes,PURIFIER,No,No,Yes,No,No,,,,1,5.0,DEGREE,Post Degree,A1,40k-60k,Bore Well,Pipe Connection,0,,,,,,Garden,Drinking,0,Cleaning,0,Cooking,,,Bathing,Bore Well,Pipe Connection,0,,,,,,,Pipe Connection,0,,,,
133,1.0,Male,Yes,Below 100L,Yes,Rarely,No,,,,,7.8,Yes,Yes,Yes,No,Believe,1 MONTH,No,,No,No,Not Sure,No,No,,,,,5.0,PRIMARY EDUCATION,Degree,B1,1L+,Bore Well,Pipe Connection,0,,,,,,,Drinking,0,Cleaning,0,Cooking,,,Bathing,Bore Well,,0,,,,,,,,1,,,,
134,1.0,Female,Yes,500-1000L,No,,No,,,,7.8,,Yes,Yes,No,No,Believe,6 MONTH,No,,No,No,Yes,No,No,,,,,5.0,PRIMARY EDUCATION,Secondary,D,5k-20k,Bore Well,Pipe Connection,0,,,,,,,Drinking,0,Cleaning,0,Cooking,,,Bathing,Bore Well,Pipe Connection,0,,,,,,,,1,,,,
135,1.0,Female,Yes,1000-2000L,Yes,Monthly,No,,,,,6.8,Yes,Yes,No,No,Believe,6 MONTH,Yes,PURIFIER,No,No,Yes,No,No,2,,,,6.0,HIGHER SECONDARY,Post Degree,A1,20k-40k,Bore Well,Pipe Connection,0,,,,,,Garden,Drinking,0,Cleaning,0,Cooking,,,Bathing,Bore Well,Pipe Connection,0,,,,,,,,1,,,,
136,1.0,Female,Yes,200-500L,No,,No,,,,,6.5,Yes,Yes,No,No,Believe,1 MONTH,No,,No,No,Yes,No,No,,,,1,3.0,HIGHER SECONDARY,Secondary,D,5k-20k,,Pipe Connection,0,,,,,,Garden,Drinking,0,Cleaning,0,Cooking,,,Bathing,Bore Well,Pipe Connection,0,,,,,,,,1,,,,
137,1.0,Male,Yes,200-500L,Yes,Rarely,No,,,,,7.8,No,No,Yes,No,Believe,6 MONTH,Yes,COMPANY WATER,No,No,Yes,No,No,,,,,4.0,DEGREE,Higher Secondary,A2,5k-20k,Bore Well,Pipe Connection,0,,,,,,Garden,,0,Cleaning,0,,,,Bathing,Bore Well,Pipe Connection,0,,,,,,,,1,,,,
138,1.0,Female,No,500-1000L,No,,No,7.8,,,,,Yes,Yes,No,No,Not Believe,1 YEAR,No,,No,No,Yes,No,Not Sure,,,1,,3.0,SECONDARY,Higher Secondary,D,5k-20k,Bore Well,Pipe Connection,0,,,,,,,Drinking,0,Cleaning,0,Cooking,,,Bathing,Bore Well,,0,,Well,,,,,,1,,,,
139,1.0,Female,Yes,500-1000L,Yes,Weekly,No,,,,,7.8,Yes,Yes,Yes,No,Not Believe,3 MONTH,Yes,PURIFIER,No,No,Yes,Yes,No,,,,1,4.0,SECONDARY,Primary,E1,,Bore Well,Pipe Connection,0,,,,,,,Drinking,0,Cleaning,0,Cooking,,,Bathing,Bore Well,Pipe Connection,0,,,,,,,,1,,,,
140,3.0,Female,Yes,200-500L,Yes,Weekly,No,7.5,,,,,No,No,No,No,Believe,6 MONTH,No,PURIFIER,No,No,Not Sure,No,Not Sure,,,,3,5.0,HIGHER SECONDARY,Higher Secondary,B2,5k-20k,,,0,,Well,,,,Garden,Drinking,0,Cleaning,0,Cooking,,,Bathing,,,0,,Well,,,,,,0,River/Backwater,,,
141,3.0,Female,Yes,500-1000L,No,Weekly,No,6.5,,,,,No,No,No,No,Believe,1 YEAR,Yes,PURIFIER,No,No,Not Sure,No,Yes,1,,,2,3.0,DEGREE,Higher Secondary,B1,5k-20k,,,0,,Well,,,,,Drinking,0,Cleaning,0,Cooking,,,Bathing,,,0,,Well,,,,,,0,River/Backwater,,,
142,3.0,Male,Yes,Below 100L,No,,No,7.5,,,,,Yes,Yes,No,,,6 MONTH,No,COMPANY WATER,,No,Yes,No,Not Sure,,,,,3.0,HIGHER SECONDARY,Higher Secondary,B1,5k-20k,,,0,,Well,,,,,Drinking,0,Cleaning,0,Cooking,,,Bathing,,,0,,Well,,,,,,0,,,,Pond
143,3.0,Female,Yes,200-500L,Yes,Daily,No,6,,,,,No,No,No,No,Believe,3 MONTH,No,,No,No,Yes,,Yes,,1,1,,6.0,HIGHER SECONDARY,Higher Secondary,B2,5k-20k,,Pipe Connection,0,,,,,,,Drinking,0,Cleaning,0,Cooking,,,Bathing,,Pipe Connection,0,,,,,,,Pipe Connection,0,,,,
144,3.0,Female,Yes,200-500L,No,,No,7.5,,,,,Yes,Yes,No,No,Believe,1 YEAR,No,,No,No,Not Sure,No,No,,,,,5.0,HIGHER SECONDARY,Degree,B2,5k-20k,,Pipe Connection,0,,,,,,,Drinking,0,Cleaning,0,Cooking,,,Bathing,,Pipe Connection,0,,,,,,,,0,,Well,,
145,3.0,Male,Yes,Below 100L,No,Monthly,No,7.5,,,,,Yes,Yes,No,No,Believe,6 MONTH,No,PURIFIER,No,No,Yes,No,Yes,,,1,1,3.0,SECONDARY,Degree,B1 ,20k-40k,,,0,,Well,,,,,Drinking,0,Cleaning,0,Cooking,,,Bathing,,,0,,Well,,,,,,0,,Well,,
146,3.0,Male,Yes,Below 100L,Yes,Daily,No,7,,,,,Yes,No,No,No,Believe,3 MONTH,No,COMPANY WATER,No,No,Not Sure,No,Not Sure,,,1,,4.0,SECONDARY,Higher Secondary,B1 ,5k-20k,,,0,,Well,,,,,Drinking,0,Cleaning,0,Cooking,,,Bathing,,,0,,Well,,,,,,0,River/Backwater,,,
147,3.0,Male,Yes,100-200L,Yes,Daily,No,6,,,,,No,Yes,No,No,Believe,6 MONTH,Yes,PURIFIER,No,No,Not Sure,No,Yes,,,,,3.0,DEGREE,Degree,A2,5k-20k,,,0,,Well,,,,,Drinking,0,Cleaning,0,Cooking,,,Bathing,,,0,,Well,,,,,,1,,,,
148,3.0,Male,Yes,Below 100L,Yes,Rarely,No,7.5,,,,,Yes,Yes,No,No,Believe,6 MONTH,No,,No,No,No,No,Yes,,1,,,4.0,DEGREE,Degree,B1 ,20k-40k,,,0,,Well,,,,,Drinking,0,Cleaning,0,Cooking,,,Bathing,,,0,,Well,,,,,,1,,,,
149,3.0,Male,Yes,Below 100L,Yes,Daily,No,7.5,,,,,No,No,No,No,Believe,3 MONTH,No,,No,No,Not Sure,No,Yes,,,,,4.0,DEGREE,Degree,C,5k-20k,,,0,,Well,,,,,Drinking,0,Cleaning,0,Cooking,,,Bathing,,,0,,Well,,,,,,1,,,,
150,3.0,Female,Yes,500-1000L,Yes,Weekly,No,7.5,,,,,No,No,No,No,Believe,1 YEAR,No,,No,No,Not Sure,No,Yes,,,,1,2.0,HIGHER SECONDARY,Higher Secondary,B2 ,20k-40k,,,0,,Well,,,,,Drinking,0,Cleaning,0,Cooking,,,Bathing,,,0,,Well,,,,,,1,,,,
151,3.0,Female,Yes,1000-2000L,No,Weekly,No,7,,,,,No,No,No,No,Believe,6 MONTH,No,,No,No,Not Sure,No,Not Sure,,,,2,4.0,HIGHER SECONDARY,Degree,B2 ,20k-40k,,,0,,Well,,,,,Drinking,0,Cleaning,0,Cooking,,,Bathing,,,0,,Well,,,,,,1,,,,
152,3.0,Female,Yes,500-1000L,No,Daily,No,7,,,,,No,No,No,No,Believe,3 MONTH,Yes,PURIFIER,No,No,Not Sure,No,No,,1,1,,2.0,DEGREE,Degree,B2 ,40k-60k,,,0,,Well,,,,,Drinking,0,Cleaning,0,Cooking,,,Bathing,,,0,,Well,,,,,,1,,,,
153,3.0,Female,Yes,Below 100L,No,,No,7,,,,,Yes,Yes,No,No,Believe,1 MONTH,No,,No,No,Yes,No,Yes,,1,1,,4.0,POST DEGREE,Degree,B1 ,75k-1L,,,0,,Well,,,,,Drinking,0,Cleaning,0,Cooking,,,Bathing,,,0,,Well,,,,,,1,,,,
154,3.0,Male,Yes,Below 100L,No,Monthly,No,7.5,,,,,No,No,No,No,Believe,3 MONTH,Yes,COMPANY WATER,No,No,Yes,No,Not Sure,,,,,2.0,DEGREE,Degree,B1,5k-20k,,,0,,Well,,,,Garden,Drinking,0,Cleaning,0,Cooking,,Farming,Bathing,,,0,,Well,,,,,,0,River/Backwater,,,
155,3.0,Male,Yes,100-200L,Yes,Daily,No,6.5,,,,,No,Yes,No,No,Believe,6 MONTH,Yes,COMPANY WATER,No,No,No,No,Yes,,1,,,5.0,SECONDARY,Higher Secondary,B1,20k-40k,,,0,,Well,,,,Garden,Drinking,0,Cleaning,0,Cooking,,Farming,Bathing,,,0,,Well,,,,,,0,River/Backwater,,,
156,3.0,Female,Yes,200-500L,Yes,Weekly,No,6,,,,,Yes,Yes,No,No,Not Believe,6 MONTH,Yes,PURIFIER,No,No,No,No,Not Sure,,1,,,3.0,SECONDARY,Higher Secondary,B1,20k-40k,,,0,,Well,,,,Garden,Drinking,0,Cleaning,0,Cooking,,Farming,Bathing,,,0,,Well,,,,,,0,,,,Pond
157,3.0,Male,Yes,200-500L,Yes,Weekly,No,7,,,,,Yes,Yes,No,Yes,Believe,6 MONTH,Yes,COMPANY WATER,No,No,Not Sure,No,Not Sure,,1,1,,4.0,HIGHER SECONDARY,Degree,B1,20k-40k,,,0,,Well,,,,Garden,Drinking,0,Cleaning,0,Cooking,,Farming,Bathing,,,0,,Well,,,,,,0,River/Backwater,,,
158,3.0,Male,No,Below 100L,No,,No,7.5,,,,,Yes,Yes,No,Yes,Believe,1 YEAR,Yes,COMPANY WATER,Yes,No,Not Sure,Yes,Yes,,,,1,3.0,HIGHER SECONDARY,Higher Secondary,D,,,,0,,Well,,,,Garden,Drinking,0,Cleaning,0,Cooking,,Farming,Bathing,,,0,,Well,,,,,,0,River/Backwater,,,
159,3.0,Male,Yes,100-200L,Yes,Rarely,No,6,,,,,No,No,Yes,No,Not Believe,1 MONTH,No,TRADITIONAL METHODS,No,No,Not Sure,No,Not Sure,,,,,3.0,PRIMARY EDUCATION,Primary,E1,5k-20k,,,0,,Well,,,,Garden,Drinking,0,Cleaning,0,Cooking,,Farming,Bathing,,,0,,Well,,,,,,0,River/Backwater,,,
160,3.0,Female,Yes,Below 100L,Yes,Rarely,Yes,7,,,,,Yes,Yes,No,No,Believe,3 MONTH,No,,No,No,Yes,No,Not Sure,1,,,4,,SECONDARY,Secondary,C,5k-20k,,,0,,Well,,,,Garden,Drinking,0,Cleaning,0,Cooking,,Farming,Bathing,,,0,,Well,,,,,,0,River/Backwater,,,
161,3.0,Female,Yes,100-200L,Yes,Daily,Yes,7,,,,,Yes,No,No,Yes,Not Believe,3 MONTH,Yes,COMPANY WATER,No,No,Not Sure,No,Yes,1,1,,3,4.0,DEGREE,Degree,B1,5k-20k,,,0,,Well,,,,Garden,Drinking,0,Cleaning,0,Cooking,,Farming,Bathing,,,0,,Well,,,,,,0,River/Backwater,,,
162,3.0,Female,Yes,Below 100L,Yes,Weekly,Yes,6.5,,,,,No,No,No,No,Believe,1 YEAR,Yes,COMPANY WATER,No,No,Not Sure,No,Yes,,,,1,3.0,HIGHER SECONDARY,Higher Secondary,C,40k-60k,,,0,River/Backwater,,,,,Garden,Drinking,0,Cleaning,0,Cooking,,Farming,Bathing,,,0,,Well,,,,,,0,River/Backwater,,,
163,3.0,Female,No,200-500L,No,Daily,No,6.5,,,,,No,No,No,No,Believe,3 MONTH,Yes,COMPANY WATER,No,No,Not Sure,No,Yes,,,,,,DEGREE,Higher Secondary,A1,40k-60k,,,0,,Well,,,,Garden,Drinking,0,Cleaning,0,Cooking,,Farming,Bathing,,,0,,Well,,,,,,0,River/Backwater,,,
164,3.0,Male,Yes,100-200L,Yes,Monthly,No,7.5,,,,,No,No,No,No,Believe,6 MONTH,Yes,COMPANY WATER,No,No,Not Sure,No,Yes,,,1,1,4.0,,Degree,B2,,,,0,,Well,,,,Garden,Drinking,0,Cleaning,0,Cooking,,Farming,Bathing,,,0,,Well,,,,,,0,River/Backwater,,,
165,3.0,Female,4.0,200-500L,Yes,Daily,,6.5,,,,,Yes,Yes,No,No,,6 MONTH,No,TRADITIONAL METHODS,No,No,Yes,No,No,,,2,,4.0,SECONDARY,Primary,A2,,,,0,,Well,,,,Garden,Drinking,0,Cleaning,0,Cooking,,Farming,Bathing,,,0,,Well,,,,,,0,River/Backwater,,,
166,3.0,Female,Yes,200-500L,Yes,Weekly,Yes,7,,,,,No,No,No,No,Believe,3 MONTH,No,COMPANY WATER,No,3.0,Not Sure,No,Not Sure,,,,,2.0,POST DEGREE,Post Degree,C,40k-60k,,,0,,Well,,,,Garden,Drinking,0,Cleaning,0,Cooking,,Farming,Bathing,,,0,,Well,,,,,,0,River/Backwater,,,
167,3.0,Male,Yes,,No,Weekly,No,7.5,,,,,Yes,Yes,No,No,Believe,1 MONTH,Yes,COMPANY WATER,Yes,No,Yes,No,Yes,,,,,4.0,DEGREE,Degree,B1,5k-20k,,,0,,Well,,,,Garden,Drinking,0,Cleaning,0,Cooking,,Farming,Bathing,,,0,,Well,,,,,,0,River/Backwater,,,
168,3.0,Male,Yes,Below 100L,Yes,Daily,No,7,,,,,Yes,No,No,Yes,Believe,1 MONTH,No,,No,No,Yes,No,Yes,0,0,0,0,2.0,DEGREE,Degree,A2,20k-40k,,,0,,Well,,,,,Drinking,0,,0,,,,,,,0,,Well,,,,,,0,,Well,,
169,3.0,Female,No,Below 100L,Yes,Daily,No,6,,,,,No,Yes,No,No,Not Believe,3 MONTH,No,,No,No,Not Sure,No,No,1,0,0,1,3.0,POST DEGREE,Post Degree,B1,60k-75k,,,0,,Well,,,,,Drinking,0,Cleaning,0,Cooking,,,Bathing,,Pipe Connection,0,,,,,,,,0,,Well,,
170,3.0,Male,Yes,Below 100L,No,,No,5,,,,,No,No,No,No,Believe,1 MONTH,Yes,PURIFIER,No,No,Not Sure,No,Yes,0,0,0,0,4.0,DEGREE,Higher Secondary,A2,40k-60k,,,0,,Well,,,,,Drinking,0,,0,,,,Bathing,,,0,,,,Rainwater,,,Pipe Connection,0,,,,
171,3.0,Female,Yes,Below 100L,No,,No,4,,,,,Yes,No,No,Yes,Believe,1 MONTH,No,,No,No,Yes,No,Yes,0,1,0,0,2.0,SECONDARY,Degree,A2,75k-1L,,,0,,Well,,,,,Drinking,0,,0,Cooking,,,Bathing,,,0,,,RO Plant,,,,,0,,Well,,
172,3.0,Male,Yes,Below 100L,No,,No,8,,,,,Yes,No,No,No,Not Believe,6 MONTH,No,,No,No,Yes,No,Not Sure,0,0,0,0,4.0,HIGHER SECONDARY,Degree,B1,75k-1L,,,0,,Well,,,,,Drinking,0,Cleaning,0,Cooking,,,Bathing,,,0,,,,,Pond,,,0,,,,Pond
173,3.0,Female,Yes,Below 100L,No,,No,7,,,,,3.0,No,No,Yes,Not Believe,1 MONTH,No,,No,No,Yes,No,Yes,1,0,0,0,2.0,HIGHER SECONDARY,Degree,A3,75k-1L,,,0,,Well,,,,,,0,,0,Cooking,,,Bathing,Bore Well,,0,,,,,,,Pipe Connection,0,,,,
174,3.0,Male,Yes,Below 100L,No,,No,6,,,,,Yes,No,No,No,Believe,1 MONTH,No,,No,No,Yes,No,Yes,0,1,0,0,2.0,DEGREE,Degree,D2,60k-75k,,,0,,Well,,,,,Drinking,0,Cleaning,0,Cooking,,,Bathing,,,0,River/Backwater,,,,,,,0,,,,Pond
175,3.0,Male,Yes,Below 100L,No,,No,5,,,,,Yes,No,No,Yes,Believe,1 YEAR,Yes,PURIFIER,No,No,Not Sure,No,Not Sure,0,0,0,0,1.0,POST DEGREE,Post Degree,C1,60k-75k,,,0,,Well,,,,,Drinking,0,,0,,,,Bathing,,,0,,Well,,,,,,0,,,,Pond
176,3.0,Male,Yes,Below 100L,No,,No,4,,,,,No,No,No,Yes,Not Believe,1 MONTH,No,,No,No,Not Sure,No,Yes,1,0,0,1,3.0,DEGREE,Higher Secondary,A2,60k-75k,,,0,,Well,,,,,Drinking,0,,0,Cooking,,,Bathing,,Pipe Connection,0,,,,,,,,0,,Well,,
177,3.0,Female,Yes,Below 100L,Yes,Daily,No,8,,,,,No,No,No,Yes,Believe,3 MONTH,Yes,COMPANY WATER,No,No,Yes,No,Yes,0,0,0,0,2.0,PRIMARY EDUCATION,Primary,B1,40k-60k,,,0,,Well,,,,,Drinking,0,Cleaning,0,Cooking,,,Bathing,,,0,,,,Rainwater,,,Pipe Connection,0,,,,
178,3.0,Male,Yes,Below 100L,No,,No,7,,,,,Yes,No,No,Yes,Believe,1 MONTH,No,,No,No,Yes,No,No,0,2,0,0,3.0,HIGHER SECONDARY,Degree,D3,60k-75k,,,0,,Well,,,,Garden,Drinking,0,,0,,,,,,,0,,,RO Plant,,,,Pipe Connection,0,,,,
179,3.0,Female,Yes,Below 100L,No,,No,4,,,,,Yes,No,No,Yes,Believe,1 MONTH,No,,No,No,Yes,No,Yes,0,0,0,0,2.0,SECONDARY,Primary,A2,20k-40k,,,0,,Well,,,,,Drinking,0,Cleaning,0,Cooking,,,Bathing,,,0,,,,,Pond,,,0,,Well,,
180,3.0,Male,Yes,Below 100L,No,,No,7,,,,,3.0,No,No,No,Believe,6 MONTH,Yes,PURIFIER,No,No,Not Sure,No,Not Sure,1,0,0,1,2.0,DEGREE,Degree,A1,40k-60k,,,0,,Well,,,,,Drinking,0,,0,,,,Bathing,Bore Well,,0,,,,,,,,0,,Well,,
181,3.0,Female,Yes,Below 100L,No,,No,3,,,,,No,No,No,Yes,Believe,3 MONTH,No,,No,No,Yes,No,Yes,0,0,0,0,2.0,HIGHER SECONDARY,Higher Secondary,C1,60k-75k,,,0,,Well,,,,,Drinking,0,,0,Cooking,,,Bathing,,,0,River/Backwater,,,,,,,0,,,,Pond
182,3.0,Female,No,200-500L,Yes,Rarely,Yes,7.5,,,,,No,No,No,No,Not Believe,1 YEAR,Yes,PURIFIER,No,No,Not Sure,No,Yes,,,,,1.0,DEGREE,Degree,B1,5k-20k,,,0,,Well,,,,Garden,Drinking,0,Cleaning,0,Cooking,,Farming,Bathing,,,0,,Well,,,,,,0,,Well,,
183,3.0,Female,Yes,200-500L,No,Rarely,Yes,6.5,,,,,No,No,No,Yes,Not Believe,6 MONTH,No,COMPANY WATER,No,No,No,No,Yes,,,,,3.0,SECONDARY,Secondary,A2,20k-40k,,,0,,Well,,,,Garden,Drinking,0,Cleaning,0,Cooking,,Farming,Bathing,,,0,,Well,,,,,,0,,,,Pond
184,3.0,Male,Yes,200-500L,No,Rarely,Yes,5.5,,,,,No,No,No,No,Not Believe,3 MONTH,No,RO PLANT,No,No,Yes,No,Yes,,,,,4.0,DEGREE,Degree,A2,1L+,,,0,,Well,,,,Garden,Drinking,0,Cleaning,0,Cooking,,Farming,Bathing,,,0,,Well,,,,,,0,,Well,,
185,3.0,Male,No,200-500L,No,Rarely,Yes,6.5,,,,,No,No,No,No,Not Believe,1 YEAR,No,RO PLANT,No,No,Yes,No,Yes,,,,,4.0,DEGREE,Degree,B1,20k-40k,,,0,,Well,,,,Garden,Drinking,0,,0,,Others,,Bathing,,,0,,Well,,,,,,0,,Well,,
186,3.0,Female,Yes,200-500L,No,Rarely,No,6,,,,,No,No,No,Yes,Believe,1 MONTH,No,RO PLANT,No,No,Yes,No,Yes,,,,,2.0,PRIMARY EDUCATION,Primary,D,5k-20k,,,0,,Well,,,,,Drinking,0,Cleaning,0,,Others,Farming,Bathing,,Pipe Connection,0,,,,,,,Pipe Connection,0,,,,
187,3.0,Male,No,200-500L,Yes,Rarely,No,5.5,,,,,No,No,No,No,Not Believe,1 MONTH,Yes,COMPANY WATER,No,No,Yes,No,Yes,,,,,2.0,SECONDARY,Secondary,D,5k-20k,,,0,,Well,,,,Garden,Drinking,0,Cleaning,0,Cooking,,Farming,Bathing,,Pipe Connection,0,,,,,,,Pipe Connection,0,,,,
188,3.0,Male,Yes,100-200L,Yes,Daily,No,6.5,,,,,No,No,No,No,Believe,1 YEAR,No,RO PLANT,No,No,No,No,Yes,,,,,5.0,SECONDARY,Secondary,B2,5k-20k,,Pipe Connection,0,,,,,,Garden,Drinking,0,Cleaning,0,Cooking,,,Bathing,,,0,,Well,,,,,,0,,Well,,
189,3.0,Female,No,200-500L,Yes,Daily,Yes,5,,,,,Yes,Yes,No,Yes,Believe,1 MONTH,Yes,COMPANY WATER,Yes,No,No,No,Yes,1,,,,3.0,SECONDARY,Degree,D,5k-20k,,,0,,Well,,,,Garden,Drinking,0,,0,Cooking,,Farming,Bathing,,,0,,Well,,,,,,0,,Well,,
190,3.0,Female,Yes,200-500L,Yes,Monthly,No,6.5,,,,,No,Yes,No,Yes,Believe,3 MONTH,No,TRADITIONAL METHODS,No,No,Yes,No,Yes,,,,,5.0,DEGREE,Degree,A1,20k-40k,,Pipe Connection,0,,,,,,Garden,Drinking,0,,0,,Others,,Bathing,,,0,,Well,,,,,,0,,Well,,
191,3.0,Male,No,Below 100L,No,Monthly,Yes,7.5,,,,,No,No,No,No,Not Believe,1 MONTH,No,PURIFIER,No,No,Not Sure,No,Yes,,,,,2.0,DEGREE,Degree,B1,5k-20k,,,0,,Well,,,,Garden,Drinking,0,Cleaning,0,Cooking,,Farming,Bathing,,,0,,Well,,,,,,0,,Well,,
192,3.0,Male,Yes,Below 100L,Yes,Rarely,Yes,8,,,,,Yes,No,No,No,Believe,1 MONTH,No,RO PLANT,No,No,No,No,Not Sure,,,,,4.0,SECONDARY,Secondary,B2,5k-20k,,Pipe Connection,0,,,,,,Garden,Drinking,0,,0,Cooking,Others,Farming,,,Pipe Connection,0,,,,,,,Pipe Connection,0,,,,
193,3.0,Female,No,Below 100L,Yes,Daily,No,8.5,,,,,No,No,No,No,Believe,1 YEAR,No,RO PLANT,No,No,Yes,No,Not Sure,,,,,5.0,PRIMARY EDUCATION,Primary,D,5k-20k,,,0,,Well,,,,Garden,Drinking,0,,0,Cooking,Others,Farming,Bathing,,,0,,Well,,,,,,0,,Well,,
194,3.0,Female,Yes,Below 100L,No,Rarely,No,7.5,,,,,No,No,No,No,Believe,1 YEAR,No,RO PLANT,No,No,Yes,No,Yes,,,,,3.0,SECONDARY,Secondary,C,5k-20k,,,0,,Well,,,,,Drinking,0,Cleaning,0,,Others,Farming,Bathing,,,0,,Well,,,,,,0,,Well,,
195,3.0,Male,Yes,1000-2000L,Yes,Rarely,No,6.5,,,,,No,No,No,No,Believe,6 MONTH,No,RO PLANT,No,No,Yes,No,Yes,,,,1,3.0,DEGREE,Higher Secondary,B2,5k-20k,,Pipe Connection,0,,,,,,,Drinking,0,Cleaning,0,Cooking,Others,Farming,,,,0,,,,,Pond,,,0,,,,Pond
196,2.0,Male,No,500-1000L,No,,No,7.5,,,,,Yes,No,No,No,Not Believe,6 MONTH,No,,No,No,Not Sure,No,Not Sure,,,,,4.0,PRIMARY EDUCATION,Primary,c,5k-20k,,,0,,Well,,,,,Drinking,0,Cleaning,0,Cooking,,Farming,Bathing,,,0,,Well,,,,,,1,,,,
197,2.0,Male,No,200-500L,,,No,7,,,,,No,No,Yes,No,Believe,3 MONTH,No,,No,No,No,No,Yes,,,,,4.0,HIGHER SECONDARY,Higher Secondary,c,5k-20k,,,0,,Well,,,,,Drinking,0,Cleaning,0,Cooking,Others,Farming,Bathing,,,0,,Well,,,Pond,,,1,,,,
198,2.0,Female,No,100-200L,,,No,,6.5,,,7,Yes,Yes,No,No,Believe,6 MONTH,Yes,COMPANY WATER,No,No,Yes,No,Yes,,,2,,6.0,SECONDARY,Primary,E1,5k-20k,,,0,River/Backwater,,,,,,Drinking,0,,0,,,,,,,0,River/Backwater,,,,,,,0,River/Backwater,,,
199,2.0,Male,Yes,200-500L,Yes,Weekly,Yes,,,6.5,,7,Yes,Yes,No,No,Not Believe,1 MONTH,Yes,COMPANY WATER,No,No,Yes,No,Not Sure,,,,,4.0,PRIMARY EDUCATION,Degree,c,20k-40k,,,0,,Well,,,,Garden,Drinking,0,Cleaning,0,Cooking,,Farming,Bathing,,,0,,Well,,,,,,1,,,,
200,2.0,Female,Yes,500-1000L,Yes,Rarely,No,,,,7.0,,Yes,Yes,No,No,Believe,1 MONTH,Yes,COMPANY WATER,No,No,No,No,No,,,,,1.0,SECONDARY,Secondary,c,5k-20k,,Pipe Connection,0,,,,,,Garden,Drinking,0,Cleaning,0,Cooking,,,Bathing,,Pipe Connection,0,,,,,,,,1,,,,
201,2.0,Female,No,500-1000L,Yes,Weekly,No,6.5,,,,,No,Yes,No,No,Believe,6 MONTH,Yes,COMPANY WATER,No,No,Not Sure,No,Not Sure,,,,,4.0,DEGREE,Degree,b2,20k-40k,,Pipe Connection,0,,Well,,,Pond,Garden,Drinking,0,Cleaning,0,Cooking,,,Bathing,,,0,,Well,,,,,,1,,,,
202,2.0,Male,Yes,500-1000L,4.0,Weekly,No,,6.5,,,,No,No,Yes,No,Believe,6 MONTH,No,,No,No,Yes,No,Yes,,,,,4.0,DEGREE,Degree,a1,20k-40k,,Pipe Connection,0,,Well,,,,,Drinking,0,,1,Cooking,,,Bathing,,,0,River/Backwater,,,,,,,0,River/Backwater,,,
203,2.0,Male,Yes,500-1000L,,,No,7.5,,,,,Yes,No,Yes,No,Believe,6 MONTH,No,,No,Yes,Yes,Yes,Yes,0,0,0,1,4.0,SECONDARY,Secondary,D,5k-20k,,,0,,Well,,,,,Drinking,0,Cleaning,0,Cooking,,Farming,Bathing,,,0,,Well,,,,,,1,,,,
204,2.0,Female,Yes,200-500L,No,,No,,,,,6.5,Yes,Yes,No,No,Believe,1 YEAR,No,,No,No,Yes,No,Not Sure,1,1,1,,1.0,DEGREE,Degree,c,5k-20k,,Pipe Connection,0,,,,,,,Drinking,0,,0,Cooking,,,Bathing,,Pipe Connection,0,,,,,,,,0,River/Backwater,,,
205,2.0,Female,No,1000-2000L,No,,No,6,,,,,Yes,Yes,No,No,,3 MONTH,No,COMPANY WATER,No,No,Yes,No,No,,,,,4.0,HIGHER SECONDARY,Secondary,c,5k-20k,,,0,,Well,,,,Garden,Drinking,0,Cleaning,0,Cooking,,Farming,Bathing,,,0,,Well,,,,,,1,,,,
206,2.0,Female,Yes,Below 100L,No,,No,7,,,,,Yes,Yes,No,No,Believe,6 MONTH,No,,No,No,Yes,No,Not Sure,,,1,1,3.0,HIGHER SECONDARY,Higher Secondary,c,5k-20k,,,0,,Well,,,,,Drinking,0,,0,Cooking,,,Bathing,,,0,,Well,,,,,,1,,,,
207,2.0,Female,Yes,100-200L,No,,No,7,,6.0,,,Yes,Yes,No,No,Believe,6 MONTH,No,COMPANY WATER,No,No,Yes,No,Yes,,,,1,4.0,SECONDARY,Higher Secondary,b2,5k-20k,,,0,River/Backwater,,,,,,Drinking,0,Cleaning,0,Cooking,Others,Farming,Bathing,,Pipe Connection,0,,,,,,,Pipe Connection,0,,,,
208,2.0,Female,Yes,200-500L,No,,No,,,,,6.5,Yes,Yes,No,No,Believe,3 MONTH,No,,No,No,Yes,No,Not Sure,,,,,5.0,POST DEGREE,Secondary,a1,20k-40k,,Pipe Connection,0,River/Backwater,,,,,Garden,Drinking,0,Cleaning,0,Cooking,,,Bathing,,Pipe Connection,0,,,,,,,,0,River/Backwater,,,
209,2.0,Female,No,1000-2000L,,,No,6,,,,,Yes,Yes,No,No,Not Believe,3 MONTH,Yes,COMPANY WATER,No,No,Yes,No,,,,,,4.0,HIGHER SECONDARY,Secondary,c,5k-20k,,,0,,Well,,,,Garden,Drinking,0,Cleaning,0,Cooking,,,Bathing,,,0,,Well,,,,,,0,River/Backwater,,,
210,2.0,Male,Yes,500-1000L,Yes,Weekly,Yes,,,,,7,Yes,Yes,No,No,Believe,1 MONTH,Yes,COMPANY WATER,No,No,Yes,No,Not Sure,,,,,4.0,PRIMARY EDUCATION,Degree,C,20k-40k,,Pipe Connection,0,,Well,,,Pond,Garden,Drinking,0,Cleaning,0,Cooking,,,Bathing,,Pipe Connection,0,,,,,,,,1,,,,
211,2.0,Male,Yes,2000L+,Yes,Monthly,No,,,,,6.5,No,No,No,No,Not Believe,,No,,No,No,No,No,Yes,0,2,0,0,4.0,HIGHER SECONDARY,Higher Secondary,a1,1L+,,,0,,Well,,,,Garden,Drinking,0,Cleaning,0,Cooking,,,Bathing,,Pipe Connection,0,,,,,,,,1,,,,
212,2.0,Male,Yes,500-1000L,Yes,,No,7,,,,,Yes,Yes,No,No,Believe,6 MONTH,Yes,COMPANY WATER,No,No,Not Sure,No,Yes,0,0,0,0,4.0,DEGREE,Degree,d,5k-20k,,,0,,Well,,,,,Drinking,0,Cleaning,0,Cooking,,,Bathing,,Pipe Connection,0,,,,Rainwater,,,,1,,,,
213,2.0,Male,Yes,500-1000L,Yes,Weekly,No,,,,,7,Yes,Yes,No,No,Believe,,Yes,COMPANY WATER,No,No,Yes,No,No,0,0,0,0,5.0,POST DEGREE,Higher Secondary,b1,,,Pipe Connection,0,,,,,,,Drinking,0,Cleaning,0,Cooking,,,Bathing,,Pipe Connection,0,River/Backwater,,,,,,,1,,,,
214,2.0,Female,No,500-1000L,,,No,,,7.75,,,Yes,Yes,No,No,,1 YEAR,No,,No,No,Yes,No,No,0,0,0,0,4.0,DEGREE,Degree,a2,5k-20k,,,0,,,,Rainwater,,Garden,Drinking,0,Cleaning,0,Cooking,,,Bathing,,,0,River/Backwater,,,,,,,1,,,,
215,2.0,Male,Yes,500-1000L,Yes,Weekly,No,7,,,,,Yes,No,Yes,No,Not Believe,,Yes,COMPANY WATER,Yes,No,No,No,Yes,0,0,0,0,5.0,SECONDARY,Secondary,d,5k-20k,,,0,,Well,,,,Garden,Drinking,0,Cleaning,0,Cooking,,,Bathing,,,0,,Well,,,,,,1,,,,
216,2.0,Female,Yes,1000-2000L,No,,No,5,,,8.0,,Yes,Yes,No,No,Not Believe,,No,,No,No,No,,No,0,0,0,0,4.0,SECONDARY,Secondary,d,5k-20k,,,0,,Well,,,,,Drinking,0,Cleaning,0,Cooking,,,Bathing,,,1,,,,,,,,1,,,,
217,2.0,Female,Yes,500-1000L,No,,No,,,,,,No,No,No,No,Believe,1 YEAR,No,,No,No,No,No,No,0,0,0,0,2.0,DEGREE,Degree,b2,5k-20k,,,0,,,,Rainwater,,,Drinking,0,Cleaning,0,Cooking,,,Bathing,,Pipe Connection,0,,,,,,,,1,,,,
218,2.0,Female,No,1000-2000L,,,No,8,,,,,Yes,Yes,Yes,,,1 YEAR,,,No,No,Yes,No,Yes,,,,1,5.0,HIGHER SECONDARY,Higher Secondary,a1,,,,0,,,,Rainwater,,,Drinking,0,Cleaning,0,Cooking,,Farming,Bathing,,,0,River/Backwater,,,,,,,1,,,,
219,2.0,Female,No,200-500L,,,No,,6.5,,,,Yes,Yes,,No,,1 YEAR,No,,,No,Yes,No,Yes,0,0,1,0,4.0,SECONDARY,Degree,a1,20k-40k,,,0,,,,Rainwater,,,Drinking,0,Cleaning,0,Cooking,,,Bathing,,,0,,,,,Pond,,,0,,,,Pond
220,2.0,Male,Yes,2000L+,No,,No,,,,,7.5,Yes,Yes,No,No,Believe,1 YEAR,Yes,COMPANY WATER,Yes,No,No,,4.0,0,0,0,0,2.0,DEGREE,Degree,d,20k-40k,Bore Well,,0,,Well,,,,Garden,Drinking,0,Cleaning,0,Cooking,,,Bathing,,Pipe Connection,0,,,,,,,,0,,,Others,
221,2.0,Male,Yes,2000L+,No,,No,,,,,7.5,Yes,Yes,No,No,Believe,1 YEAR,Yes,COMPANY WATER,Yes,No,Yes,No,Yes,0,0,0,0,2.0,DEGREE,Degree,d,20k-40k,Bore Well,,0,,,,,,Garden,Drinking,0,Cleaning,0,Cooking,,,Bathing,,Pipe Connection,0,,,,,,,,0,,,Others,
222,2.0,Male,Yes,500-1000L,No,,No,,,,,7,No,No,,No,Not Believe,1 YEAR,Yes,,No,No,Yes,No,No,0,0,0,0,4.0,DEGREE,Degree,b2,5k-20k,,Pipe Connection,0,,,,,,Garden,Drinking,0,Cleaning,0,Cooking,,,Bathing,,Pipe Connection,0,,,,,,,Pipe Connection,0,,,,
223,2.0,Female,Yes,500-1000L,No,,No,  ,,,,7,Yes,Yes,No,No,Believe,3 MONTH,No,,No,No,Yes,No,Yes,0,0,`,2,4.0,HIGHER SECONDARY,Higher Secondary,d,5k-20k,,,0,,,,Rainwater,,Garden,Drinking,0,Cleaning,0,Cooking,,,Bathing,,Pipe Connection,0,,,,,,,,0,,,,
224,2.0,Female,Yes,200-500L,No,,No,,,,,6.5,Yes,Yes,No,No,Believe,6 MONTH,Yes,COMPANY WATER,Yes,No,Yes,No,No,0,0,0,0,2.0,HIGHER SECONDARY,Higher Secondary,a2,20k-40k,,,0,,,,Rainwater,,Garden,Drinking,0,Cleaning,0,Cooking,,,Bathing,,Pipe Connection,0,,,,,,,,1,,,,
225,2.0,Male,No,500-1000L,No,,No,,5,,,,No,Yes,No,No,Believe,6 MONTH,No,,No,No,Not Sure,No,Not Sure,1,0,0,0,4.0,SECONDARY,Secondary,C,5k-20k,,,0,,,,Rainwater,,,Drinking,0,Cleaning,0,Cooking,,Farming,Bathing,,,0,River/Backwater,,,,,,,1,,,,
226,2.0,Female,No,500-1000L,,,No,7,,,,,Yes,Yes,No,No,,6 MONTH,Yes,PURIFIER,No,No,Yes,No,Yes,0,0,0,0,3.0,DEGREE,Degree,D,75k-1L,,,0,,,,Rainwater,,,Drinking,0,Cleaning,0,Cooking,,,Bathing,,,0,River/Backwater,,,,,,,1,,,,
227,2.0,Male,Yes,200-500L,No,,No,,,,,8,Yes,Yes,Yes,No,Believe,1 YEAR,No,,No,No,Yes,No,Yes,0,0,1,2,3.0,SECONDARY,Secondary,C,20k-40k,,,0,,,,Rainwater,,,Drinking,0,Cleaning,0,Cooking,,Farming,Bathing,,Pipe Connection,0,,,,,,,,0,River/Backwater,,,
228,2.0,Female,Yes,500-1000L,Yes,Rarely,No,,,,,7.5,Yes,Yes,No,No,Believe,3 MONTH,No,,No,No,Yes,No,Not Sure,0,0,0,0,4.0,DEGREE,Post Degree,B2,40k-60k,,Pipe Connection,0,,,,Rainwater,,,Drinking,0,Cleaning,0,Cooking,,,Bathing,,Pipe Connection,0,,,,,,,,1,,,,
229,2.0,Male,No,100-200L,,,No,6,,,,,No,Yes,No,No,,,,,No,No,Yes,No,Yes,0,0,0,0,4.0,SECONDARY,Secondary,D,5k-20k,,,0,,,RO Plant,,,,Drinking,0,,0,Cooking,,,Bathing,,,0,,Well,,,,,,1,,,,
230,2.0,Female,Yes,500-1000L,No,,No,,,,,7,Yes,Yes,No,No,Not Believe,,Yes,COMPANY WATER,No,No,Not Sure,No,Yes,0,0,0,0,2.0,DEGREE,Degree,B2,75k-1L,,,0,,Well,,,,Garden,Drinking,0,Cleaning,0,Cooking,,,Bathing,,,0,,Well,,,,,,0,,Well,,
231,2.0,Male,Yes,200-500L,No,,Yes,7,,,,8,Yes,No,No,No,Believe,,No,,No,No,Yes,No,Yes,0,0,0,0,4.0,DEGREE,Degree,A1,20k-40k,,Pipe Connection,0,,,,,,Garden,Drinking,0,Cleaning,0,Cooking,,,Bathing,,,0,,Well,,,,,,1,,,,
232,2.0,Male,Yes,200-500L,No,,No,,,,,,Yes,Yes,No,No,Believe,1 YEAR,No,,Yes,No,Yes,No,No,0,1,0,0,4.0,SECONDARY,Degree,D,40k-60k,,Pipe Connection,0,,,,,,,Drinking,0,Cleaning,0,Cooking,,Farming,Bathing,,Pipe Connection,0,,,,,,,Pipe Connection,0,,,,
233,2.0,Male,Yes,2000L+,No,,No,,,,,7,Yes,Yes,No,No,Believe,1 YEAR,Yes,PURIFIER,No,No,No,No,Not Sure,0,0,0,1,4.0,PRIMARY EDUCATION,Post Degree,B1,60k-75k,,Pipe Connection,0,,,,,,Garden,Drinking,0,Cleaning,0,Cooking,,,Bathing,,Pipe Connection,0,,,,,,,Pipe Connection,0,,,,
234,2.0,Female,No,100-200L,No,,No,,,,,2,No,No,No,No,Not Believe,3 MONTH,No,,No,No,Yes,No,No,0,0,0,0,4.0,DEGREE,Degree,E2,20k-40k,,,0,,Well,,,,,,0,,0,Cooking,,,,,,0,,Well,,,,,,0,,Well,,
235,2.0,Male,Yes,500-1000L,Yes,Rarely,No,,,,,,No,No,No,No,Not Believe,1 YEAR,Yes,COMPANY WATER,Yes,No,No,No,No,0,0,0,0,2.0,HIGHER SECONDARY,Secondary,D,5k-20k,,,0,,,,Rainwater,,,Drinking,0,Cleaning,0,Cooking,,Farming,Bathing,,Pipe Connection,0,,,,,,,,1,,,,
236,2.0,Male,No,1000-2000L,,,No,,,,,7,Yes,Yes,No,No,,6 MONTH,Yes,COMPANY WATER,No,No,Yes,No,Yes,0,0,0,0,3.0,DEGREE,Degree,A1,20k-40k,,,0,,Well,,Rainwater,,Garden,Drinking,0,Cleaning,0,Cooking,Others,Farming,Bathing,,,0,River/Backwater,,,,,,,0,River/Backwater,,,
237,2.0,Male,Yes,200-500L,No,,No,,,,,,Yes,Yes,No,No,,,No,,No,No,Yes,No,No,0,0,0,0,3.0,SECONDARY,Secondary,D,5k-20k,,,0,,,RO Plant,,,,Drinking,0,,0,Cooking,,,Bathing,,,0,,Well,,,,,,1,,,,
238,2.0,Male,Yes,200-500L,No,,No,,,,,7.6,Yes,Yes,No,No,Not Believe,1 MONTH,Yes,COMPANY WATER,No,No,Yes,No,No,0,0,0,1,3.0,SECONDARY,Higher Secondary,B2,,,,0,,,,Rainwater,,,Drinking,0,Cleaning,0,Cooking,,,Bathing,,,0,,Well,,,,,,1,,,,
239,2.0,Male,Yes,500-1000L,Yes,Rarely,No,,,,,,Yes,Yes,No,No,Believe,,No,,No,No,Yes,No,Not Sure,0,0,0,3,4.0,HIGHER SECONDARY,Higher Secondary,D,,,,0,,,,Rainwater,,Garden,Drinking,0,Cleaning,0,Cooking,,,Bathing,,Pipe Connection,0,,,,,,,,1,,,,
240,2.0,Female,No,Below 100L,,,No,,,6.0,,7,Yes,Yes,No,No,Not Believe,1 YEAR,Yes,PURIFIER,No,No,Yes,No,No,0,2,0,0,2.0,HIGHER SECONDARY,Degree,b2,5k-20k,,,0,,,,Rainwater,,,Drinking,0,,0,Cooking,,,Bathing,,,0,River/Backwater,,,Rainwater,,,,1,,,,
241,2.0,Female,No,200-500L,Yes,Rarely,No,,6,,,,Yes,Yes,No,No,Not Believe,1 YEAR,No,RO PLANT,No,No,Yes,No,Not Sure,0,0,0,0,5.0,DEGREE,Secondary,b2,40k-60k,,,0,,,,Rainwater,,Garden,Drinking,0,,0,Cooking,,Farming,Bathing,,,0,River/Backwater,,,,,,,0,River/Backwater,,,
242,2.0,Male,No,1000-2000L,Yes,Rarely,No,,,6.0,,,Yes,Yes,No,No,Not Believe,1 YEAR,Yes,COMPANY WATER,No,No,Yes,No,Not Sure,0,0,0,0,4.0,POST DEGREE,Degree,A1,,,,0,,,,Rainwater,,Garden,Drinking,0,Cleaning,0,Cooking,,,Bathing,,,0,River/Backwater,,,,,,,0,River/Backwater,,,
243,2.0,Male,Yes,500-1000L,Yes,Daily,No,7,,6.0,,,No,No,Yes,No,Not Believe,6 MONTH,No,RO PLANT,No,No,No,No,Yes,0,0,2,0,3.0,HIGHER SECONDARY,Higher Secondary,b2,5k-20k,,,0,,Well,,,,,Drinking,0,Cleaning,0,Cooking,,,Bathing,,Pipe Connection,0,,Well,,,,,,0,River/Backwater,,,
244,2.0,Female,No,1000-2000L,Yes,Rarely,No,,,6.5,,,Yes,Yes,No,No,Believe,1 MONTH,Yes,COMPANY WATER,No,No,Yes,No,No,0,0,0,0,5.0,POST DEGREE,Degree,a1,5k-20k,,,0,,Well,,,,Garden,Drinking,0,,0,Cooking,,Farming,Bathing,,,0,,Well,,,,,,0,River/Backwater,,,
245,2.0,Male,No,200-500L,Yes,Rarely,No,,,4.0,,,Yes,Yes,No,No,Not Believe,1 YEAR,Yes,COMPANY WATER,No,No,Yes,No,Not Sure,,,,,3.0,DEGREE,Higher Secondary,b,5k-20k,,,0,,,,Rainwater,,,Drinking,0,Cleaning,0,Cooking,,Farming,Bathing,,,0,River/Backwater,,,,,,,0,River/Backwater,,,
246,2.0,Female,No,1000-2000L,,,No,6.5,6,,,,Yes,Yes,No,No,Not Believe,1 MONTH,Yes,RO PLANT,Yes,No,Yes,No,Yes,0,1,1,1,5.0,POST DEGREE,Post Degree,a2,5k-20k,,,0,,Well,,,,,Drinking,0,Cleaning,0,Cooking,,,Bathing,,,0,,Well,,,,,,0,River/Backwater,,,
247,2.0,Female,No,500-1000L,,,Yes,6.5,7,,,,Yes,Yes,No,No,Believe,1 MONTH,Yes,RO PLANT,No,No,Yes,No,Yes,,,,,5.0,DEGREE,Degree,b2,5k-20k,,,0,,Well,,,,Garden,Drinking,0,Cleaning,0,Cooking,,Farming,Bathing,,,0,,Well,,,,,,0,River/Backwater,,,
248,2.0,Female,No,200-500L,,,No,6,5,,,,Yes,Yes,No,No,Not Believe,1 MONTH,Yes,RO PLANT,No,No,No,No,,,,,,3.0,DEGREE,Secondary,e1,5k-20k,,,0,,Well,,,,Garden,Drinking,0,Cleaning,0,Cooking,,Farming,Bathing,,,0,,Well,,,,,,0,River/Backwater,,,
249,2.0,Female,No,500-1000L,,,No,,,5.0,,,Yes,Yes,No,No,Not Believe,1 YEAR,Yes,RO PLANT,No,No,Yes,No,Yes,,,2,,3.0,POST DEGREE,Post Degree,b2,40k-60k,,,0,,,,Rainwater,,Garden,Drinking,0,Cleaning,0,Cooking,,Farming,Bathing,,,0,,,,Rainwater,,,,0,River/Backwater,,,
250,2.0,Female,No,200-500L,,,No,,,5.5,,,Yes,Yes,No,No,Not Believe,,No,COMPANY WATER,No,No,Yes,No,Not Sure,,,1,,4.0,HIGHER SECONDARY,Secondary,d,5k-20k,,,0,,,,Rainwater,,Garden,Drinking,0,Cleaning,0,Cooking,,,Bathing,,,0,River/Backwater,,,,,,,0,River/Backwater,,,
251,2.0,Female,No,1000-2000L,,,No,,,5.5,,,Yes,Yes,No,No,Believe,1 YEAR,Yes,RO PLANT,No,No,Yes,No,Yes,,,,1,3.0,POST DEGREE,Post Degree,a1,60k-75k,,,0,,,,Rainwater,,Garden,Drinking,0,Cleaning,0,Cooking,,Farming,Bathing,,,0,River/Backwater,,,,,,,0,River/Backwater,,,
252,2.0,Female,No,200-500L,,,Yes,,,5.5,,,Yes,Yes,No,No,Believe,,Yes,RO PLANT,No,No,Yes,No,Yes,,,,,3.0,PRIMARY EDUCATION,Primary,d,5k-20k,,,0,,,,Rainwater,,,Drinking,0,Cleaning,0,Cooking,,,Bathing,,,0,River/Backwater,,,,,,,1,,,,
253,2.0,Male,No,200-500L,Yes,Rarely,No,5.5,,6.5,,,Yes,Yes,No,No,Not Believe,1 YEAR,Yes,COMPANY WATER,No,No,Yes,No,Yes,,,1,,3.0,PRIMARY EDUCATION,Post Degree,b2,20k-40k,,,0,,Well,,,,Garden,Drinking,0,Cleaning,0,Cooking,,Farming,Bathing,,,0,,Well,,,,,,0,,Well,,
254,2.0,Female,No,100-200L,,,No,5.5,,6.0,,,Yes,No,Yes,No,Not Believe,3 MONTH,Yes,RO PLANT,No,No,Yes,No,Yes,,,1,,4.0,HIGHER SECONDARY,Post Degree,a1,20k-40k,,,0,,,,Rainwater,,,Drinking,0,Cleaning,0,Cooking,,,Bathing,,,0,River/Backwater,,,,,,,1,,,,
255,2.0,Male,No,500-1000L,No,,No,6.5,,,,,Yes,Yes,No,No,Believe,1 YEAR,Yes,COMPANY WATER,No,No,Yes,No,Yes,,,,,4.0,SECONDARY,Higher Secondary,B2,5k-20k,,,0,,,,Rainwater,,,Drinking,0,Cleaning,0,Cooking,,,Bathing,,,0,,Well,,Rainwater,,,,1,,,,
256,2.0,Female,Yes,1000-2000L,No,,Yes,6.5,,,,,Yes,Yes,No,No,Believe,3 MONTH,No,,No,No,Yes,No,Not Sure,,,,,5.0,PRIMARY EDUCATION,Secondary,B1`,5k-20k,,Pipe Connection,0,,,,,,,Drinking,0,,0,Cooking,Others,,Bathing,,Pipe Connection,0,,,,,,,,1,,,,
257,2.0,Male,Yes,1000-2000L,No,,No,6,,6.5,,,Yes,No,No,No,Believe,1 YEAR,Yes,,No,No,Not Sure,No,Not Sure,,,,,6.0,POST DEGREE,Degree,A2,60k-75k,,Pipe Connection,0,,Well,,,,Garden,Drinking,0,,0,Cooking,,Farming,,,Pipe Connection,0,,,,,,,,0,,Well,,
258,2.0,Male,Yes,1000-2000L,Yes,Daily,Yes,,,,,6,Yes,Yes,No,No,Believe,1 MONTH,No,,Yes,No,Yes,No,Yes,,,,,4.0,SECONDARY,Higher Secondary,c1,20k-40k,,Pipe Connection,0,,,,,,,Drinking,0,Cleaning,0,Cooking,Others,,Bathing,,Pipe Connection,0,,,,,,,Pipe Connection,0,,,,
259,2.0,Female,No,2000L+,No,,No,,,,6.0,6.5,Yes,Yes,No,No,Believe,1 YEAR,Yes,COMPANY WATER,No,No,Yes,No,Not Sure,,,,,6.0,DEGREE,Degree,B1`,5k-20k,,,0,,,,Rainwater,,Garden,Drinking,0,Cleaning,0,Cooking,,,Bathing,,,0,River/Backwater,,,,,,,1,,,,
260,2.0,Male,No,500-1000L,No,,No,6,,6.5,,,Yes,Yes,No,No,Believe,1 YEAR,No,TRADITIONAL METHODS,No,No,Not Sure,No,Not Sure,1,,,,3.0,SECONDARY,Higher Secondary,c1,5k-20k,,,0,,,,Rainwater,,Garden,Drinking,0,Cleaning,0,Cooking,,,Bathing,,,0,,,,Rainwater,,,,0,River/Backwater,Well,,
261,2.0,Female,Yes,1000-2000L,No,,No,,,6.5,6.0,,Yes,Yes,No,No,Not Believe,1 MONTH,Yes,COMPANY WATER,No,No,Yes,Yes,Not Sure,,,1,2,5.0,DEGREE,Degree,B2,5k-20k,,,0,,,,Rainwater,,,Drinking,0,Cleaning,0,Cooking,,Farming,Bathing,,,0,River/Backwater,,,,,,,0,River/Backwater,,,
262,2.0,Female,Yes,500-1000L,No,,No,,,,,6.5,Yes,Yes,Yes,No,Not Believe,1 YEAR,Yes,COMPANY WATER,No,No,Yes,No,Not Sure, ,1,1,,2.0,PRIMARY EDUCATION,Degree,B2,40k-60k,,,0,River/Backwater,,,,,,Drinking,0,,0,Cooking,,,Bathing,,Pipe Connection,0,,,,,,,,0,River/Backwater,,,
263,2.0,Female,No,200-500L,No,,No,6.5,,6.0,,,Yes,Yes,Yes,No,Not Believe,1 YEAR,No,OTHERS,No,No,Yes,No,No,,,,,6.0,PRIMARY EDUCATION,Secondary,B1`,5k-20k,,,0,,Well,,,,,,0,,0,,Others,,,,,0,,Well,,,,,,0,,Well,,
264,2.0,Male,No,200-500L,No,,No,,,6.5,,6,Yes,Yes,No,No,Believe,1 YEAR,No,OTHERS,No,No,Yes,No,Not Sure,,,,,4.0,SECONDARY,Degree,A2,1L+,,,0,,,,Rainwater,,Garden,Drinking,0,Cleaning,0,Cooking,,,Bathing,,,0,River/Backwater,,,,,,,1,,,,
265,2.0,Male,No,100-200L,Yes,,No,,,6.5,,6,No,No,Yes,No,Believe,1 YEAR,No,OTHERS,No,No,No,Yes,Yes,,,,1,3.0,PRIMARY EDUCATION,Primary,D,5k-20k,,,0,River/Backwater,,,,,,Drinking,0,,0,Cooking,,Farming,Bathing,,,0,River/Backwater,,,,,,,0,River/Backwater,,,
266,2.0,Male,No,Below 100L,No,,No,,,6.5,6.0,,Yes,Yes,No,No,Not Believe,6 MONTH,Yes,COMPANY WATER,No,No,Yes,No,Yes,,1,,1,4.0,DEGREE,Degree,A1,20k-40k,,,0,,Well,,,,,Drinking,0,Cleaning,0,Cooking,,,Bathing,,,0,River/Backwater,,,Rainwater,,,,1,,,,
267,2.0,Female,No,500-1000L,No,,No,,,6.5,,,Yes,Yes,No,No,Believe,1 YEAR,No,,No,No,Not Sure,No,Not Sure,,,1,,3.0,SECONDARY,Degree,C1,5k-20k,,,0,,Well,,,,,Drinking,0,Cleaning,0,Cooking,,,Bathing,,,0,,,,Rainwater,,,,0,River/Backwater,,,
268,2.0,Male,No,200-500L,No,,No,,,6.5,,,Yes,Yes,No,No,Believe,6 MONTH,Yes,COMPANY WATER,No,No,No,No,Yes,,,,,6.0,SECONDARY,Higher Secondary,C1,5k-20k,,,0,,Well,,,,,Drinking,0,Cleaning,0,Cooking,Others,Farming,Bathing,,,0,,Well,,,,,,0,River/Backwater,,,
269,2.0,Male,Yes,200-500L,No,,No,,6.5,,6.0,,Yes,Yes,No,No,Believe,1 YEAR,No,,No,No,No,No,Not Sure,,,,,2.0,SECONDARY,Secondary,C2,5k-20k,,,0,River/Backwater,,,,,Garden,Drinking,0,Cleaning,0,Cooking,Others,,Bathing,,,0,,Well,,,,,,0,River/Backwater,,,
270,1.0,Male,Yes,500-1000L,Yes,Daily,No,6.5,8,7.5,5.0,7,No,No,No,No,Not Believe,1 YEAR,No,,Yes,No,Not Sure,No,No,nil,,,,6.0,DEGREE,Secondary,A2,5k-20k,,Pipe Connection,0,,,,,,Garden,Drinking,0,Cleaning,0,Cooking,,,Bathing,,Pipe Connection,0,,,,,,,,0,River/Backwater,,,
271,1.0,Female,No,1000-2000L,Yes,Weekly,No,6,7,7.5,8.5,7.5,No,No,Yes,No,Not Believe,3 MONTH,No,OTHERS,No,No,No,No,Not Sure,,,,,4.0,DEGREE,Degree,A2,60k-75k,,Pipe Connection,0,,,,,,Garden,Drinking,0,Cleaning,0,Cooking,,Farming,Bathing,,Pipe Connection,0,,,,,,,,0,River/Backwater,,,
272,1.0,Male,Yes,100-200L,No,,No,6,7,5.0,7.5,,,,,,,,,,,,,,,,,,,,,,,,,Pipe Connection,0,,,,,,Garden,Drinking,0,Cleaning,0,Cooking,,,Bathing,,Pipe Connection,0,,,,,,,,0,,,,Pond
273,1.0,Male,Yes,100-200L,No,,No,7,7,5.0,8.0,,,,,,,,,,,,,,,,,,,,,,,,,Pipe Connection,0,,,,,,,Drinking,0,Cleaning,0,Cooking,,,Bathing,,Pipe Connection,0,,,,,,,,0,,,,Pond
274,1.0,Female,Yes,100-200L,No,,No,6,7,5.0,8.0,,,,,,,,,,,,,,,,,,,,,,,,,Pipe Connection,0,,,,,,Garden,Drinking,0,Cleaning,0,Cooking,,Farming,Bathing,,Pipe Connection,0,,,,,,,,0,,Well,,
275,1.0,Female,Yes,100-200L,No,,No,7.5,7,4.0,8.0,,,,,,,,,,,,,,,,,,,,,,,,,Pipe Connection,0,,,,,,Garden,Drinking,0,Cleaning,0,Cooking,,,Bathing,,Pipe Connection,0,,,,,,,,0,River/Backwater,,,
276,1.0,Male,Yes,200-500L,No,,No,6,7,5.0,8.0,,,,,,,,,,,,,,,,,,,,,,,,,Pipe Connection,0,,,,,,,Drinking,0,Cleaning,0,Cooking,,,Bathing,,Pipe Connection,0,,,,,,,,0,,Well,,
277,1.0,Male,Yes,1000-2000L,No,,No,5,7,6.0,8.0,,,,,,,,,,,,,,,,,,,,,,,,,Pipe Connection,0,,,,,,Garden,Drinking,0,Cleaning,0,Cooking,,,Bathing,,Pipe Connection,0,,,,,,,,0,River/Backwater,,,
278,1.0,Male,Yes,500-1000L,Yes,Weekly,No,4,8,3.0,8.0,,,,,,,,,,,,,,,,,,,,,,,,,Pipe Connection,0,,,,,,Garden,Drinking,0,Cleaning,0,Cooking,,Farming,Bathing,,Pipe Connection,0,,,,,,Bore Well,,0,,,,
279,1.0,Male,Yes,2000L+,No,,No,6,9,8.0,7.0,,,,,,,,,,,,,,,,,,,,,,,,,Pipe Connection,0,,,,,,,Drinking,0,Cleaning,0,Cooking,,,Bathing,,Pipe Connection,0,,,,,,,,0,,Well,,
280,1.0,Female,Yes,100-200L,No,,No,6,11,9.0,7.0,,,,,,,,,,,,,,,,,,,,,,,,,Pipe Connection,0,,,,,,Garden,Drinking,0,Cleaning,0,Cooking,,,Bathing,,Pipe Connection,0,,,,,,,Pipe Connection,0,,,,
281,1.0,Female,No,200-500L,No,,No,6,10,9.0,7.0,,,,,,,,,,,,,,,,,,,,,,,,,,0,,Well,,,,,Drinking,0,,0,Cooking,,,Bathing,,Pipe Connection,0,,,,,,,Pipe Connection,0,,,,
282,1.0,Male,Yes,100-200L,Yes,Daily,No,5.5,11,9.0,7.0,,,,,,,,,,,,,,,,,,,,,,,,,Pipe Connection,0,,,,,,Garden,Drinking,0,Cleaning,0,Cooking,,Farming,Bathing,,Pipe Connection,0,,,,,,,Pipe Connection,0,,,,
283,1.0,Male,No,1000-2000L,No,,No,5,11.5,9.0,6.0,,,,,,,,,,,,,,,,,,,,,,,,,Pipe Connection,0,,,,,,Garden,Drinking,0,Cleaning,0,Cooking,,,Bathing,,Pipe Connection,0,,,,,,,Pipe Connection,0,,,,
284,1.0,Male,Yes,2000L+,No,,No,5,11,9.0,5.0,,,,,,,,,,,,,,,,,,,,,,,,,Pipe Connection,0,,,,,,,Drinking,0,Cleaning,0,Cooking,,,Bathing,,Pipe Connection,0,,,,,,,,0,River/Backwater,,,
285,1.0,Male,Yes,500-1000L,Yes,Weekly,Yes,6.5,6,6.5,5.0,7,Yes,Yes,No,No,Believe,3 MONTH,Yes,COMPANY WATER,Yes,No,Not Sure,No,Not Sure,,,,,3.0,DEGREE,Degree,B2,5k-20k,,Pipe Connection,0,,,,,,,Drinking,0,,0,,,,,,Pipe Connection,0,,,,,,,,0,,Well,,
286,1.0,Male,Yes,200-500L,No,,No,7,5,4.5,7.0,7.5,No,No,No,Yes,Believe,1 YEAR,No,,No,No,Yes,No,No,,,1,,3.0,PRIMARY EDUCATION,Primary,E1,5k-20k,,,0,,Well,,,,,Drinking,0,Cleaning,0,Cooking,,,Bathing,,,0,,Well,,,,,,0,River/Backwater,,,
287,1.0,Male,Yes,500-1000L,No,,No,7.5,,5.0,6.0,7,Yes,Yes,No,No,Believe,3 MONTH,Yes,COMPANY WATER,Yes,No,Yes,No,Yes,,,,,5.0,HIGHER SECONDARY,Higher Secondary,C,20k-40k,,Pipe Connection,0,,,,,,,Drinking,0,Cleaning,0,Cooking,,,Bathing,,Pipe Connection,0,,,,,,,,0,River/Backwater,,,
288,1.0,Female,No,1000-2000L,Yes,Rarely,No,7,6.5,6.5,7.5,7,No,Yes,No,No,Believe,6 MONTH,No,,No,No,Yes,No,Yes,,,,,4.0,SECONDARY,Higher Secondary,C,40k-60k,Bore Well,,0,,,,,,,Drinking,0,Cleaning,0,Cooking,,Farming,Bathing,Bore Well,,0,,,,,,,,1,,,,
289,1.0,Female,Yes,500-1000L,No,,Yes,6.5,5.5,6.5,6.5,7,Yes,Yes,No,Yes,Believe,6 MONTH,No,,No,No,Yes,No,Not Sure,,,,,3.0,SECONDARY,Degree,B2,40k-60k,,Pipe Connection,0,,,,,,,Drinking,0,Cleaning,0,Cooking,,,Bathing,Bore Well,,0,,,,,,,,1,,,,
290,1.0,Male,Yes,500-1000L,Yes,Rarely,No,7.5,7.5,6.5,7.0,7.5,Yes,Yes,No,No,Not Believe,3 MONTH,No,,No,No,Yes,No,Yes,,,,,4.0,SECONDARY,Secondary,B2,40k-60k,,,0,,Well,,,,,Drinking,0,Cleaning,0,Cooking,,,Bathing,Bore Well,,0,,,,,,,,1,,,,
291,1.0,Female,No,500-1000L,No,,Yes,6.5,,6.5,7.5,7.5,Yes,Yes,No,No,Believe,3 MONTH,No,,No,No,No,No,Yes,NIL,,,1,3.0,HIGHER SECONDARY,Higher Secondary,B2,40k-60k,Bore Well,,0,,,,,,,Drinking,0,Cleaning,0,Cooking,,,Bathing,,Pipe Connection,0,,,,,,,Pipe Connection,0,,,,
292,1.0,Male,No,500-1000L,No,,No,7.5,6.5,7.0,6.5,7.5,No,No,No,No,Not Believe,6 MONTH,Yes,RO PLANT,No,No,Yes,No,Yes,,,1,,3.0,SECONDARY,Secondary,b2,40k-60k,,,0,,Well,,,,,Drinking,0,Cleaning,0,Cooking,,Farming,Bathing,Bore Well,,0,,,,,,,,0,,,,Pond
293,1.0,Male,Yes,500-1000L,No,,No,7.5,7.5,6.5,7.0,7,Yes,Yes,No,No,Not Believe,1 MONTH,Yes,COMPANY WATER,No,No,Not Sure,No,Yes,NIL,,,,3.0,SECONDARY,Secondary,B2,5k-20k,Bore Well,,0,,,,,,,Drinking,0,Cleaning,0,Cooking,,,Bathing,Bore Well,,0,,,,,,,,0,,Well,,
294,1.0,Female,No,500-1000L,Yes,Weekly,,1,7.5,6.5,7.0,6.5,7.5,Yes,No,No,Believe,3 MONTH,No,,No,No,Yes,No,Yes,,,,,5.0,HIGHER SECONDARY,Higher Secondary,B2,60k-75k,,Pipe Connection,0,,,,,,,Drinking,0,,0,Cooking,,,Bathing,,Pipe Connection,0,,,,,,,Pipe Connection,0,,,,
295,1.0,Male,Yes,1000-2000L,No,,Yes,7.5,6.5,7.0,7.5,6.5,7.0,Yes,Yes,No,Believe,3 MONTH,No,,No,No,Not Sure,No,Yes, ,,,,4.0,SECONDARY,Secondary,B2,60k-75k,,Pipe Connection,0,,,,,,,Drinking,0,Cleaning,0,Cooking,,Farming,Bathing,,Pipe Connection,0,,,,,,,Pipe Connection,0,,,,
296,1.0,Male,Yes,1000-2000L,Yes,Monthly,Yes,7.5,6.5,7.0,7.5,6,Yes,No,No,No,Believe,1 MONTH,Yes,PURIFIER,No,No,Yes,No,Yes,,,,1,3.0,HIGHER SECONDARY,Higher Secondary,B2,60k-75k,Bore Well,,0,,,,,,,Drinking,0,Cleaning,0,Cooking,,Farming,Bathing,Bore Well,,0,,,,,,,,1,,,,
297,3.0,Male,No,500-1000L,No,,No,6.5,7.5,7.0,5.5,8,Yes,Yes,No,No,Believe,1 MONTH,No,,No,No,Not Sure,No,Not Sure,,,,,4.0,SECONDARY,Secondary,B2,5k-20k,,Pipe Connection,0,,,,,,,Drinking,0,Cleaning,0,Cooking,,,Bathing,,Pipe Connection,0,,,,,,,,1,,,,
298,3.0,Female,Yes,1000-2000L,No,,No,6.5,7.5,7.0,6.5,7,Yes,Yes,No,No,Believe,3 MONTH,Yes,COMPANY WATER,No,Yes,Yes,No,Yes,,,,,5.0,HIGHER SECONDARY,Higher Secondary,D,40k-60k,,Pipe Connection,0,,,,,,,Drinking,0,Cleaning,0,Cooking,,,Bathing,,Pipe Connection,0,,,,,,,,0,,Well,,
299,3.0,Male,Yes,500-1000L,No,,Yes,6.5,7,7.5,8.0,7.5,Yes,Yes,No,Yes,Believe,3 MONTH,No,,No,No,Yes,No,Yes,,,,,5.0,HIGHER SECONDARY,Higher Secondary,D,40k-60k,,Pipe Connection,0,,,,,,,Drinking,0,Cleaning,0,Cooking,,,Bathing,,Pipe Connection,0,,,,,,,Pipe Connection,0,,,,
300,3.0,Male,Yes,1000-2000L,Yes,,Yes,6.5,7,5.0,7.5,7,Yes,Yes,No,No,Believe,3 MONTH,No,PURIFIER,,No,Yes,No,Not Sure,,,,,5.0,SECONDARY,Higher Secondary,D,40k-60k,,Pipe Connection,0,,,,,,,Drinking,0,Cleaning,0,Cooking,,Farming,Bathing,,Pipe Connection,0,,,,,,,Pipe Connection,0,,,,
301,3.0,Male,Yes,2000L+,No,,Yes,7,7,6.5,7.0,8,Yes,Yes,No,No,Believe,6 MONTH,No,,No,No,Yes,No,Yes,,,,1,4.0,HIGHER SECONDARY,Higher Secondary,B2,40k-60k,,Pipe Connection,0,,,,,,Garden,Drinking,0,Cleaning,0,Cooking,,Farming,Bathing,,Pipe Connection,0,,,,,,,Pipe Connection,0,,,,
302,3.0,Male,Yes,2000L+,No,,No,6,4,7.5,7.0,7,Yes,Yes,No,No,Believe,6 MONTH,No,,,No,Yes,No,Yes,,,,,5.0,SECONDARY,Secondary,B2,40k-60k,,Pipe Connection,0,,,,,,Garden,Drinking,0,Cleaning,0,Cooking,,Farming,Bathing,,Pipe Connection,0,,,,,,,Pipe Connection,0,,,,
303,3.0,Male,Yes,1000-2000L,Yes,,Yes,7,7,7.0,7.0,6,Yes,Yes,No,No,Believe,6 MONTH,No,,No,No,Yes,No,,,,,,4.0,SECONDARY,Higher Secondary,B2,40k-60k,,Pipe Connection,0,,,,,,Garden,Drinking,0,Cleaning,0,Cooking,,Farming,Bathing,,Pipe Connection,0,,,,,,,Pipe Connection,0,,,,
304,3.0,Male,Yes,1000-2000L,No,,No,6.5,7.5,6.5,5.0,7,Yes,Yes,No,No,Believe,6 MONTH,No,,No,No,Yes,No,Yes,,,,1,4.0,SECONDARY,Higher Secondary,D,40k-60k,,Pipe Connection,0,,,,,,,Drinking,0,Cleaning,0,Cooking,,,Bathing,,Pipe Connection,0,,,,,,,Pipe Connection,0,,,,
305,3.0,Female,Yes,500-1000L,No,,Yes,6.5,7.5,7.0,7.0,7.5,Yes,Yes,No,No,Believe,6 MONTH,No,,No,No,Yes,No,Yes,,,,1,3.0,HIGHER SECONDARY,Higher Secondary,A2,40k-60k,,Pipe Connection,0,,,,,,,Drinking,0,Cleaning,0,Cooking,,,Bathing,,Pipe Connection,0,,,,,,,,1,,,,
306,3.0,Female,No,500-1000L,Yes,Rarely,Yes,7.5, ,,6.5,7.5,Yes,Yes,No,No,Believe,3 MONTH,No,,No,No,Yes,No,Yes,,,,,3.0,SECONDARY,Higher Secondary,B2,20k-40k,,,0,,Well,,,,,Drinking,0,Cleaning,0,Cooking,,,Bathing,,,0,,Well,,,,,,0,,Well,,
307,1.0,Male,Yes,500-1000L,No,,No,7.5,6.5,7.5,6.5,7,Yes,Yes,No,No,Believe,3 MONTH,No,,No,No,Yes,No,Yes,,,,,4.0,,Higher Secondary,B2,40k-60k,,Pipe Connection,0,,,,,,Garden,Drinking,0,Cleaning,0,Cooking,,,Bathing,,Pipe Connection,0,,,,,,,,0,,,,Pond
308,1.0,Male,Yes,500-1000L,Yes,Weekly,No,7.5,7.5,,,6.5,Yes,Yes,No,No,Believe,3 MONTH,No,,No,No,Yes,No,Yes,,,,NOLL,3.0,HIGHER SECONDARY,Higher Secondary,B2,40k-60k,,Pipe Connection,0,,,,,,,Drinking,0,Cleaning,0,Cooking,,Farming,Bathing,,Pipe Connection,0,,,,,,,Pipe Connection,0,,,,
309,1.0,Male,Yes,500-1000L,No,,Yes,7.5,7.5,7.5,6.0,6.5,Yes,Yes,No,No,Believe,6 MONTH,No,,No,No,Yes,No,Yes,,,,,4.0,HIGHER SECONDARY,Higher Secondary,B2,40k-60k,,Pipe Connection,0,,,,,,,Drinking,0,Cleaning,0,Cooking,,,Bathing,,Pipe Connection,0,,,,,,,,0,,Well,,
310,1.0,Male,Yes,500-1000L,No,,Yes,7.5,,,6.5,6.5,Yes,Yes,No,No,Believe,3 MONTH,No,,No,No,Yes,No,Yes,,,,,5.0,HIGHER SECONDARY,Higher Secondary,B2,60k-75k,,,0,,Well,,,,,Drinking,0,Cleaning,0,Cooking,,,Bathing,,Pipe Connection,0,,,,,,,Pipe Connection,0,,,,
311,1.0,Male,Yes,100-200L,No,,No,7.5,6.5,6.5,7.5,7,Yes,Yes,No,No,Believe,3 MONTH,No,,No,No,Yes,No,Yes,,NIIL,,,4.0,SECONDARY,Higher Secondary,A1,40k-60k,,Pipe Connection,0,,,,,,,Drinking,0,,0,,,,,,,0,,,,,Pond,,,0,River/Backwater,,,
312,1.0,Male,Yes,200-500L,,,No,,,,,7.5,Yes,Yes,,No,Not Believe,3 MONTH,No,,No,No,Yes,No,No,,,,,5.0,POST DEGREE,Degree,A1,5k-20k,,Pipe Connection,0,,,,,,,Drinking,0,,0,Cooking,,,Bathing,,Pipe Connection,0,,,,,,,,0,,Well,,
313,1.0,Female,Yes,200-500L,No,,No,,,,,7.6,Yes,Yes,Yes,No,Not Believe,6 MONTH,No,,No,No,Not Sure,No,Yes,,1,,,4.0,SECONDARY,Higher Secondary,C,20k-40k,,Pipe Connection,0,,,,,,,Drinking,0,,0,Cooking,,,Bathing,,Pipe Connection,0,,,,,,,,1,,,,
314,1.0,Female,Yes,500-1000L,Yes,Rarely,No,,,,,6.5,Yes,Yes,Yes,No,Believe,3 MONTH,Yes,COMPANY WATER,No,No,Not Sure,No,Yes,,,,,2.0,DEGREE,Higher Secondary,D,5k-20k,,Pipe Connection,0,,,,,,,Drinking,0,,0,Cooking,,,Bathing,,Pipe Connection,0,,,,,,Bore Well,,0,,,,Pond
315,1.0,Female,Yes,100-200L,No,,No,,,,,7.5,Yes,Yes,No,No,Not Believe,1 MONTH,No,,No,No,Yes,No,Yes,,,,,5.0,HIGHER SECONDARY,Secondary,E1,20k-40k,,Pipe Connection,0,,,,,,,Drinking,0,,0,Cooking,,,Bathing,,Pipe Connection,0,,,,,,,,1,,,,
316,1.0,Male,Yes,100-200L,Yes,Rarely,Yes,,,,,7.8,No,No,Yes,No,Believe,,No,,No,No,Yes,No,No,,,,,2.0,SECONDARY,Secondary,E2,5k-20k,,Pipe Connection,0,,,,,,,Drinking,0,,0,Cooking,,,Bathing,,Pipe Connection,0,,,,,,,,1,,,,
317,1.0,Female,No,Below 100L,No,,No,,,,6.7,,No,No,No,No,,1 MONTH,Yes,COMPANY WATER,No,No,No,No,No,,,,,4.0,POST DEGREE,Degree,A2,20k-40k,,Pipe Connection,0,,,,,,,Drinking,0,,0,Cooking,,,Bathing,Bore Well,,0,,,,,,,,1,,,,
318,1.0,Male,No,100-200L,No,,No,,,,,7.5,Yes,Yes,No,No,Not Believe,3 MONTH,No,,No,No,Yes,No,No,,,,,4.0,HIGHER SECONDARY,Higher Secondary,D,5k-20k,,Pipe Connection,0,,,,,,,Drinking,0,,0,Cooking,,,Bathing,,Pipe Connection,0,,,,,,,,1,,,,
319,1.0,Male,Yes,Below 100L,,Monthly,No,,,,,7.5,No,No,No,No,Believe,,No,,No,No,Not Sure,No,Yes,,,,,2.0,HIGHER SECONDARY,Higher Secondary,C,5k-20k,,Pipe Connection,0,,,,,,,Drinking,0,,0,Cooking,,,Bathing,,Pipe Connection,0,,,,,,,,1,,,,
320,1.0,Female,Yes,500-1000L,Yes,Rarely,Yes,,,,,7.8,No,No,Yes,No,Believe,1 MONTH,Yes,COMPANY WATER,No,Yes,Yes,No,Yes,,,2,,4.0,DEGREE,Degree,D,5k-20k,,Pipe Connection,0,,,,,,,Drinking,0,,0,Cooking,,,Bathing,,Pipe Connection,0,,,,,,,,0,River/Backwater,,,
321,1.0,Male,Yes,100-200L,Yes,Rarely,Yes,,,,,7.5,Yes,Yes,No,No,Not Believe,3 MONTH,No,,No,No,Yes,No,Yes,,,,,2.0,PRIMARY EDUCATION,Degree,A2,5k-20k,,Pipe Connection,0,,,,,,,Drinking,0,,0,Cooking,,,Bathing,,,0,River/Backwater,,,,,,,0,River/Backwater,,,
322,1.0,Female,Yes,100-200L,7.0,Rarely,Yes,,,,,6.5,No,No,Yes,No,Believe,3 MONTH,No,PURIFIER,Yes,No,Yes,No,Not Sure,,,,,4.0,SECONDARY,Secondary,B2,5k-20k,,Pipe Connection,0,,,,,,,Drinking,0,,0,Cooking,,,Bathing,,Pipe Connection,0,River/Backwater,,,,,,,0,River/Backwater,,,
323,1.0,Female,Yes,Below 100L,Yes,Weekly,No,,,,,7.5,Yes,Yes,No,No,Not Believe,,No,,Yes,Yes,Yes,No,Yes,,,,,4.0,SECONDARY,Secondary,D,5k-20k,,Pipe Connection,0,,,,,,,Drinking,0,,0,Cooking,,,Bathing,,Pipe Connection,0,River/Backwater,,,,,,,1,,,,
324,1.0,Female,Yes,200-500L,Yes,Daily,No,,,,,7.5,No,No,Yes,No,Believe,1 YEAR,Yes,COMPANY WATER,Yes,Yes,No,No,Yes,,,,,2.0,SECONDARY,Secondary,C,5k-20k,,Pipe Connection,0,,,,,,,Drinking,0,,0,Cooking,,,Bathing,,Pipe Connection,0,River/Backwater,,,,,,,0,River/Backwater,,,
325,1.0,Male,Yes,100-200L,Yes,Rarely,No,,,,,7.5,Yes,Yes,No,No,Believe,1 MONTH,No,,Yes,No,Yes,No,No,,,1,,4.0,PRIMARY EDUCATION,Higher Secondary,A2,5k-20k,,Pipe Connection,0,,,,,,,Drinking,0,,0,Cooking,,,Bathing,,Pipe Connection,0,River/Backwater,,,,,,,0,River/Backwater,,,
326,1.0,Female,Yes,100-200L,No,,No,,,,,7.5,Yes,Yes,No,No,Believe,1 MONTH,No,,Yes,No,Yes,No,Yes,,,1,1,3.0,HIGHER SECONDARY,Secondary,C,5k-20k,,Pipe Connection,0,,,,,,,Drinking,0,Cleaning,0,Cooking,,,Bathing,,Pipe Connection,0,,,,,,,,0,River/Backwater,,,
327,1.0,Male,No,Below 100L,Yes,Rarely,,,,,,7.5,Yes,Yes,No,,,,No,,,No,Yes,No,Yes,,,,,5.0,PRIMARY EDUCATION,Primary,E1,5k-20k,,Pipe Connection,0,,,,,,,Drinking,0,,0,,,,,Bore Well,,0,,,,,,,,0,River/Backwater,,,
328,1.0,Female,Yes,200-500L,No,,Yes,,,,,7.5,Yes,Yes,No,No,Believe,1 YEAR,No,,No,No,Yes,Yes,No,,,,,4.0,HIGHER SECONDARY,Degree,E1,5k-20k,,Pipe Connection,0,,,,,,,Drinking,0,Cleaning,0,Cooking,,,Bathing,,,0,,Well,,,,,,0,River/Backwater,,,
329,1.0,Male,Yes,200-500L,No,,Yes,,,,,7.5,Yes,Yes,No,No,Believe,1 MONTH,No,,No,No,Yes,No,No,,,,,2.0,PRIMARY EDUCATION,Primary,E1,5k-20k,,Pipe Connection,0,,,,,,,Drinking,0,,0,Cooking,,,,,Pipe Connection,0,,,,,,,,1,,,,
330,1.0,Male,Yes,100-200L,No,,No,,,,,7.5,Yes,Yes,No,No,Believe,1 MONTH,No,,Yes,No,Yes,No,No,,,,,4.0,HIGHER SECONDARY,Secondary,E1,5k-20k,,Pipe Connection,0,,,,,,,Drinking,0,,0,Cooking,,,,,Pipe Connection,0,,,,,,,,0,River/Backwater,,,
331,1.0,Female,No,200-500L,,,,,,,8.0,,No,Yes,No,No,,1 MONTH,No,,,Yes,Yes,No,No,,,,,4.0,HIGHER SECONDARY,Secondary,C,5k-20k,Bore Well,,0,,,,,,,,0,Cleaning,0,Cooking,Others,,Bathing,Bore Well,,0,,,,,,,,0,River/Backwater,,,
332,1.0,Male,Yes,200-500L,No,,No,,,,,7.5,Yes,Yes,No,No,Believe,1 MONTH,No,,,No,Yes,No,No,,,,,5.0,PRIMARY EDUCATION,Primary,E1,5k-20k,Bore Well,Pipe Connection,0,,,,,,,Drinking,0,,0,Cooking,,,Bathing,,Pipe Connection,0,,,,,,,,0,River/Backwater,,,
333,1.0,Female,Yes,200-500L,No,,No,,,,,7.5,Yes,Yes,No,No,Believe,3 MONTH,Yes,COMPANY WATER,,No,Yes,No,No,,1,,,4.0,PRIMARY EDUCATION,Degree,C,5k-20k,,Pipe Connection,0,,,,,,,Drinking,0,Cleaning,0,Cooking,,,Bathing,,Pipe Connection,0,,,,,,,,1,,,,
334,1.0,Female,Yes,200-500L,Yes,Monthly,No,,,,,7.5,Yes,Yes,No,No,Believe,1 MONTH,No,,,No,Yes,No,Yes,,,1,1,4.0,SECONDARY,Secondary,C,5k-20k,,Pipe Connection,0,,,,,,,Drinking,0,,0,Cooking,,,,,Pipe Connection,0,,,,,,,,1,,,,
335,1.0,Female,Yes,200-500L,No,,Yes,,,,,7.5,Yes,Yes,Yes,No,Believe,1 MONTH,No,,,No,Yes,No,Not Sure,,,,,5.0,PRIMARY EDUCATION,Secondary,C,5k-20k,,Pipe Connection,0,,,,,,,Drinking,0,Cleaning,0,Cooking,,,Bathing,,Pipe Connection,0,,,,,,,,0,River/Backwater,,,
336,1.0,Male,Yes,100-200L,No,,No,,,,,7.5,Yes,Yes,No,No,Believe,1 MONTH,No,,No,No,Yes,Yes,No,,,,,5.0,POST DEGREE,Secondary,C,5k-20k,,Pipe Connection,0,,,,,,,Drinking,0,,0,Cooking,,,Bathing,,Pipe Connection,0,,,,,,,,0,River/Backwater,,,
337,1.0,Male,Yes,200-500L,No,,No,,,,,7.5,Yes,Yes,No,No,Not Believe,6 MONTH,No,,No,No,Not Sure,No,Yes,1,,,,5.0,HIGHER SECONDARY,Secondary,C,5k-20k,,Pipe Connection,0,,,,,,,Drinking,0,,0,Cooking,,,Bathing,,Pipe Connection,0,,,,,,,,0,River/Backwater,,,
338,1.0,Female,Yes,100-200L,No,,No,,,,,7.5,Yes,Yes,Yes,No,Believe,1 MONTH,No,,Yes,No,Yes,No,Yes,,,,,3.0,PRIMARY EDUCATION,Primary,E1,5k-20k,,Pipe Connection,0,,,,,,,Drinking,0,,0,Cooking,,,,,Pipe Connection,0,,,,,,,,0,River/Backwater,,,
339,1.0,Female,Yes,200-500L,No,Rarely,No,,,,,7.5,Yes,Yes,No,No,Believe,6 MONTH,3.0,,No,No,Not Sure,No,Yes,,,2,,2.0,PRIMARY EDUCATION,Post Degree,C,5k-20k,,Pipe Connection,0,,,,,,,Drinking,0,Cleaning,0,Cooking,,,Bathing,,Pipe Connection,0,,,,,,,,0,River/Backwater,,,
340,1.0,Female,Yes,200-500L,Yes,Rarely,No,,,,,6.5,No,Yes,No,No,Believe,1 MONTH,No,,Yes,No,Not Sure,No,No,,,,1,5.0,PRIMARY EDUCATION,Primary,E1,5k-20k,,Pipe Connection,0,,,,,,,Drinking,0,Cleaning,0,Cooking,,,Bathing,,Pipe Connection,0,,,,,,,,1,,,,
341,1.0,Female,Yes,500-1000L,Yes,Rarely,No,,,,,6.5,Yes,Yes,No,No,Believe,3 MONTH,No,,Yes,No,Yes,No,Not Sure,,,,1,2.0,PRIMARY EDUCATION,Primary,E1,5k-20k,,Pipe Connection,0,,,,,,Garden,Drinking,0,Cleaning,0,Cooking,,,Bathing,,Pipe Connection,0,,,,,,,,1,,,,
342,1.0,Female,Yes,500-1000L,No,,No,,,,,7.5,No,Yes,No,No,Believe,6 MONTH,Yes,TRADITIONAL METHODS,Yes,No,Yes,No,Not Sure,,,,,4.0,DEGREE,Degree,A1,40k-60k,,Pipe Connection,0,,Well,,,,Garden,Drinking,0,Cleaning,0,Cooking,,,Bathing,,,0,,Well,,,,,,1,,,,
343,1.0,Female,Yes,Below 100L,No,,No,,,,,7.5,Yes,Yes,No,No,Believe,6 MONTH,No,,No,No,Yes,No,Not Sure,,,,,1.0,PRIMARY EDUCATION,Primary,E1,5k-20k,,,0,,Well,,,,,Drinking,0,Cleaning,0,Cooking,,,Bathing,,,0,,Well,,,,,,1,,,,
344,1.0,Female,Yes,100-200L,No,,No,,,,,6.5,Yes,Yes,Yes,No,Not Believe,1 YEAR,No,,Yes,No,No,No,Not Sure,,,,,2.0,HIGHER SECONDARY,Higher Secondary,C,5k-20k,Bore Well,Pipe Connection,0,,,,,,Garden,Drinking,0,Cleaning,0,Cooking,,,Bathing,Bore Well,Pipe Connection,0,,,,,,,,1,,,,
345,1.0,Female,No,500-1000L,,,Yes,,,,6.5,,Yes,Yes,No,No,,1 MONTH,Yes,COMPANY WATER,No,No,Yes,No,Not Sure,,,,,3.0,DEGREE,Degree,D,5k-20k,Bore Well,,0,,,,,,Garden,Drinking,0,Cleaning,0,Cooking,,,Bathing,Bore Well,,0,,,,,,,,1,,,,
346,1.0,Female,No,200-500L,,,Yes,,,,6.5,,Yes,Yes,No,No,,,Yes,PURIFIER,Yes,No,Yes,No,Yes,,,,,4.0,DEGREE,Higher Secondary,C,5k-20k,Bore Well,,0,,,,,,Garden,Drinking,0,Cleaning,0,Cooking,,,Bathing,Bore Well,,0,,,,,,,,1,,,,
347,1.0,Female,Yes,500-1000L,No,,No,,,,,6.5,Yes,Yes,No,No,Believe,1 MONTH,No,,Yes,No,Yes,No,Not Sure,,,,,6.0,PRIMARY EDUCATION,Degree,D,5k-20k,,Pipe Connection,0,,,,,,Garden,Drinking,0,Cleaning,0,Cooking,,,Bathing,,Pipe Connection,0,,,,,,,,1,,,,
348,1.0,Female,Yes,Below 100L,No,,No,,,,,,No,No,Yes,No,Not Believe,1 MONTH,No,,Yes,No,No,No,Not Sure,,,,,2.0,PRIMARY EDUCATION,Degree,D,5k-20k,,Pipe Connection,0,,,,,,Garden,Drinking,0,Cleaning,0,Cooking,,,Bathing,,Pipe Connection,0,,,,,,,,1,,,,
349,1.0,Female,Yes,200-500L,No,,No,,,,,5.5,,Yes,No,No,Believe,1 MONTH,No,,Yes,No,Yes,No,Yes,,,,,4.0,PRIMARY EDUCATION,Primary,E1,5k-20k,,Pipe Connection,0,,,,,,Garden,Drinking,0,Cleaning,0,Cooking,,,Bathing,,Pipe Connection,0,,,,,,,,0,River/Backwater,,,
350,1.0,Female,Yes,500-1000L,Yes,Daily,No,,,,,6.5,No,No,Yes,No,Not Believe,6 MONTH,No,,No,No,Not Sure,No,Yes,,,1,,4.0,DEGREE,Primary,E1,5k-20k,,Pipe Connection,0,,,,,,Garden,Drinking,0,Cleaning,0,Cooking,,,Bathing,,Pipe Connection,0,,,,,,,,1,,,,
351,1.0,Female,Yes,200-500L,No,,No,,,,,6.5,Yes,Yes,No,No,Believe,6 MONTH,No,,Yes,No,No,No,Yes,,,1,1,4.0,SECONDARY,Secondary,C,5k-20k,Bore Well,Pipe Connection,0,,,,,,Garden,Drinking,0,Cleaning,0,Cooking,,,Bathing,,Pipe Connection,0,,,,,,,,1,,,,
352,1.0,Female,Yes,200-500L,No,,Yes,,,,,6.5,Yes,Yes,No,No,Believe,3 MONTH,Yes,RO PLANT,Yes,No,Yes,No,No,,,1,,3.0,PRIMARY EDUCATION,Degree,B1,,,,0,,,,Rainwater,,Garden,Drinking,0,Cleaning,0,Cooking,,,Bathing,,,0,,,,Rainwater,,,,1,,,,
353,1.0,Female,Yes,500-1000L,No,,No,,,,,7.5,Yes,Yes,No,No,Believe,6 MONTH,No,,No,No,Yes,No,Yes,,,,,1.0,PRIMARY EDUCATION,Post Degree,A1,5k-20k,,Pipe Connection,0,,,,,,Garden,Drinking,0,Cleaning,0,Cooking,,,Bathing,,Pipe Connection,0,,,,,,,,1,,,,
354,1.0,Female,Yes,500-1000L,No,,No,,,,,5.5,Yes,Yes,No,No,Believe,6 MONTH,Yes,COMPANY WATER,No,No,Yes,No,Yes,,,1,,1.0,PRIMARY EDUCATION,Secondary,A2,5k-20k,,Pipe Connection,0,,,,,,Garden,Drinking,0,,0,Cooking,,,,,Pipe Connection,0,,,,,,,,1,,,,
355,1.0,Male,No,500-1000L,No,,No,,,,,8,Yes,Yes,No,No,Not Believe,1 MONTH,,COMPANY WATER,Yes,No,Yes,No,Yes,,,,,2.0,DEGREE,Degree,A2,5k-20k,,Pipe Connection,0,,,,,,Garden,Drinking,0,Cleaning,0,Cooking,,,Bathing,,,0,,,,Rainwater,,,,0,,,Others,
356,3.0,Male,Yes,100-200L,Yes,Monthly,No,,,,,6.7,Yes,No,Yes,Yes,Believe,1 MONTH,No,,Yes,No,Not Sure,No,Yes,,,,,1.0,DEGREE,,,5k-20k,,,0,,Well,,,,,Drinking,0,,0,,,,,,Pipe Connection,0,,,,,,,,1,,,,
357,3.0,Male,Yes,Below 100L,Yes,Weekly,No,,,,,7,Yes,No,No,No,Believe,,No,,Yes,No,Yes,No,Yes,,,,,4.0,SECONDARY,Secondary,,5k-20k,,Pipe Connection,0,,,,,,,Drinking,0,,0,,,,,,,0,,Well,,,,,,1,,,,
358,3.0,Female,Yes,100-200L,No,,No,,,,,6,Yes,Yes,No,No,Believe,6 MONTH,No,,No,No,No,No,No,,,,,1.0,POST DEGREE,Post Degree,,20k-40k,,Pipe Connection,0,,,,,,,Drinking,0,,0,,,,,,,0,,Well,,,,,,0,,Well,,
359,3.0,Male,Yes,100-200L,Yes,Weekly,No,,,,,7,Yes,Yes,Yes,Yes,Believe,1 MONTH,Yes,COMPANY WATER,No,No,Yes,No,No,1,,1,,3.0,POST DEGREE,Post Degree,,40k-60k,,,0,,Well,,,,,Drinking,0,,0,,,,,,,0,,Well,,,,,,0,,Well,,
360,3.0,Male,Yes,100-200L,Yes,Daily,No,,,,,8,No,No,No,No,Not Believe,3 MONTH,Yes,COMPANY WATER,No,No,Yes,No,No,,,,,2.0,POST DEGREE,Others,,5k-20k,,Pipe Connection,0,,,,,,,Drinking,0,,0,,,,,,,0,,Well,,,,,,1,,,,
361,3.0,Male,Yes,500-1000L,Yes,Weekly,No,,,,,6.9,No,No,Yes,No,Believe,3 MONTH,Yes,COMPANY WATER,Yes,No,Not Sure,No,Yes,,,,,5.0,DEGREE,Degree,,20k-40k,,,0,,Well,,,,,Drinking,0,,0,,,,,,Pipe Connection,0,,,,,,,,0,,Well,,
362,3.0,Female,Yes,200-500L,Yes,Weekly,No,,,,,5.8,Yes,Yes,Yes,Yes,Believe,1 MONTH,Yes,TRADITIONAL METHODS,Yes,No,No,No,Yes,,,2,,3.0,SECONDARY,Secondary,,5k-20k,,,0,,Well,,,,,Drinking,0,,0,,,,,,Pipe Connection,0,,,,,,,,1,,,,
363,3.0,Female,Yes,Below 100L,Yes,Rarely,No,,,,,7,Yes,Yes,Yes,No,Believe,1 YEAR,Yes,TRADITIONAL METHODS,Yes,No,Yes,Yes,Not Sure,,,,,4.0,SECONDARY,Secondary,,5k-20k,,,0,,Well,,,,,,0,,0,Cooking,,,,,,0,,Well,,,,,,1,,,,
364,3.0,Female,No,Below 100L,No,,No,7.5,,,,,Yes,Yes,No,No,Not Believe,6 MONTH,No,,No,No,Yes,No,No,,,,,4.0,DEGREE,,,20k-40k,,,0,,Well,,,,,,0,,0,Cooking,,,,,,0,,Well,,,,,,0,,Well,,
365,3.0,Male,Yes,100-200L,Yes,Weekly,No,,,,,8,Yes,Yes,No,No,Believe,6 MONTH,Yes,COMPANY WATER,No,No,Yes,No,Yes,,,,,2.0,POST DEGREE,Post Degree,,20k-40k,,,0,,Well,,,,,,0,,0,Cooking,,,,,,0,,Well,,,,,,0,,Well,,
366,3.0,Female,Yes,Below 100L,No,,No,,,,,7.3,No,No,No,No,Believe,,Yes,,Yes,No,Yes,No,Yes,,,,,2.0,SECONDARY,Secondary,,40k-60k,,Pipe Connection,0,,,,,,,Drinking,0,,0,,,,,,,0,,Well,,,,,,1,,,,
367,3.0,Female,Yes,Below 100L,No,Daily,No,,,,,7,No,No,Yes,Yes,Not Believe,3 MONTH,Yes,TRADITIONAL METHODS,No,Yes,No,No,Yes,,,,,4.0,DEGREE,Higher Secondary,,60k-75k,,,0,,,,Rainwater,,,,0,,0,Cooking,,,,,,0,,,,Rainwater,,,,0,,,Others,
368,3.0,Male,Yes,Below 100L,Yes,Weekly,No,,,,,6.5,No,No,No,Yes,Believe,3 MONTH,Yes,RO PLANT,Yes,No,Not Sure,No,Yes,1,,1,,4.0,SECONDARY,,,5k-20k,,Pipe Connection,0,,,,,,,Drinking,0,,0,,,,,,Pipe Connection,0,,,,,,,,1,,,,
369,1.0,Male,Yes,200-500L,Yes,,No,7.8,1,1.0,2.0,8,No,Yes,Yes,No,Believe,3 MONTH,Yes,RO PLANT,No,No,No,No,No,,,,,2.0,HIGHER SECONDARY,Higher Secondary,B2,5k-20k,Bore Well,Pipe Connection,0,,,,,,,Drinking,0,,0,Cooking,,,,,Pipe Connection,0,,,,,,,,1,,,,
370,1.0,Male,No,200-500L,Yes,Weekly,No,,,,,6,Yes,Yes,No,No,Believe,3 MONTH,Yes,COMPANY WATER,No,No,Yes,No,No,,,,,4.0,DEGREE,Degree,B2,1L+,Bore Well,,0,,,,,,,Drinking,0,,0,Cooking,,,Bathing,Bore Well,,0,,,,,,,,1,,,,
371,1.0,Female,Yes,100-200L,Yes,Rarely,No,,,,,,No,No,Yes,No,Not Believe,1 MONTH,Yes,COMPANY WATER,Yes,No,No,No,Yes,,,,,4.0,SECONDARY,Higher Secondary,B1,5k-20k,Bore Well,Pipe Connection,0,,,,,,,Drinking,0,,0,Cooking,,,Bathing,,Pipe Connection,0,,,,,,Bore Well,,0,,,,
372,1.0,Male,No,500-1000L,No,,Yes,,,,,8,Yes,Yes,Yes,No,Believe,1 MONTH,No,,No,No,Not Sure,No,Yes,,1,1,,5.0,SECONDARY,Secondary,,5k-20k,,Pipe Connection,0,,,,,,,Drinking,0,Cleaning,0,Cooking,,,Bathing,Bore Well,Pipe Connection,0,,,,,,,,1,,,,
373,1.0,Female,Yes,500-1000L,No,,No,,,,,6,Yes,Yes,Yes,No,Believe,3 MONTH,No,,No,No,Yes,No,Yes,,,,,4.0,PRIMARY EDUCATION,Primary,D,5k-20k,,Pipe Connection,0,,,,,,,Drinking,0,Cleaning,0,Cooking,,,Bathing,,Pipe Connection,0,,,,,,,,1,,,,
374,1.0,Male,Yes,500-1000L,No,Weekly,,,,,,8,No,No,Yes,No,Not Believe,3 MONTH,No,,No,No,No,No,Yes,,,,,5.0,PRIMARY EDUCATION,Secondary,D,5k-20k,Bore Well,Pipe Connection,0,,,,,,,Drinking,0,Cleaning,0,Cooking,,,Bathing,,Pipe Connection,0,,,,,,,,0,,,,Pond
375,1.0,Female,Yes,Below 100L,No,,No,,,,,8,Yes,No,No,No,Believe,3 MONTH,No,,No,No,Yes,No,No,,,,,4.0,PRIMARY EDUCATION,Higher Secondary,B2,5k-20k,Bore Well,,0,,,,,,,Drinking,0,,0,Cooking,,,Bathing,Bore Well,,0,,,,,,,Pipe Connection,0,,,,
376,1.0,Male,Yes,200-500L,Yes,Rarely,,,,,,8,No,No,Yes,No,Believe,1 MONTH,No,,No,No,Not Sure,No,Yes,,,,,4.0,SECONDARY,Secondary,D,5k-20k,,Pipe Connection,0,,,,,,,Drinking,0,,0,Cooking,,,,,Pipe Connection,0,,,,,,,Pipe Connection,0,,,,
377,1.0,Female,Yes,Below 100L,Yes,Weekly,No,,,,,8,No,Yes,Yes,No,Believe,3 MONTH,Yes,RO PLANT,No,No,No,No,No,,,,,2.0,HIGHER SECONDARY,Higher Secondary,B2,5k-20k,,Pipe Connection,0,,,,,,Garden,Drinking,0,Cleaning,0,Cooking,,,Bathing,,Pipe Connection,0,,,,,,,,1,,,,
378,1.0,Female,Yes,100-200L,No,,No,,,,,8,Yes,Yes,No,No,Believe,6 MONTH,No,,No,No,Yes,No,Yes,,,,,4.0,SECONDARY,Secondary,B2,5k-20k,Bore Well,Pipe Connection,0,,,,,,Garden,Drinking,0,Cleaning,0,Cooking,,Farming,Bathing,,Pipe Connection,0,,,,,,,Pipe Connection,0,,,,
379,1.0,Female,No,200-500L,Yes,Weekly,No,,,,,,Yes,Yes,Yes,No,Believe,,No,,No,No,No,No,Yes,,,,1,5.0,SECONDARY,Primary,D,5k-20k,,Pipe Connection,0,,,,,,Garden,Drinking,0,Cleaning,0,Cooking,,Farming,Bathing,,Pipe Connection,0,,,,,,,Pipe Connection,0,,,,
380,1.0,Male,No,500-1000L,,,No,,,,,8,Yes,Yes,No,No,Believe,1 MONTH,No,,No,No,Not Sure,No,Yes,,,,,5.0,PRIMARY EDUCATION,Primary,,5k-20k,Bore Well,,0,,,,,,,,0,Cleaning,0,,,,Bathing,Bore Well,,0,,,,,,,,0,,Well,,
381,1.0,Female,No,500-1000L,,,,2,,,,,Yes,Yes,No,No,,1 YEAR,Yes,,,No,,Yes,,,,,,3.0,HIGHER SECONDARY,,,,,,0,,,,Rainwater,,,Drinking,0,,0,Cooking,,,Bathing,,,0,,,,Rainwater,,,,1,,,,
382,1.0,Female,Yes,Below 100L,Yes,Rarely,No,,,,,6,No,Yes,Yes,No,Not Believe,1 MONTH,No,,No,No,Not Sure,No,No,,,,,5.0,POST DEGREE,Primary,C,5k-20k,,Pipe Connection,0,,,,,,,Drinking,0,,0,Cooking,,,Bathing,,Pipe Connection,0,,,,,,,,0,,,,Pond
383,1.0,,,,,,,,,,,,,,,,,,,,,,,,,,,,,,,,,,,,1,,,,,,,,1,,0,,,,,,,1,,,,,,,,1,,,,
384,1.0,Female,No,200-500L,No,,No,,,,6.5,,Yes,Yes,No,No,Not Believe,6 MONTH,No,,No,No,Not Sure,No,Yes,,,,,2.0,SECONDARY,Secondary,,5k-20k,Bore Well,,0,,,,,,Garden,Drinking,0,Cleaning,0,Cooking,,,Bathing,Bore Well,,0,,,,,,Bore Well,,0,,,,
385,1.0,Female,No,500-1000L,No,,No,,,,,6,No,Yes,No,No,Not Believe,1 YEAR,No,,Yes,No,No,No,Not Sure,,,,1,5.0,HIGHER SECONDARY,Others,,5k-20k,Bore Well,,0,,,,,,,,0,Cleaning,0,Cooking,,Farming,Bathing,Bore Well,,0,,,,,,Bore Well,,0,,,,
386,1.0,Female,No,500-1000L,No,,No,,,,6.5,,Yes,Yes,Yes,No,Not Believe,6 MONTH,No,,No,No,Not Sure,No,Yes,,,,,2.0,PRIMARY EDUCATION,Primary,,5k-20k,Bore Well,,0,,,,,,,Drinking,0,,0,Cooking,,Farming,Bathing,Bore Well,,0,,,,,,Bore Well,,0,,,,
387,1.0,Female,No,500-1000L,No,,Yes,,,,6.5,,Yes,Yes,No,No,Not Believe,1 MONTH,Yes,COMPANY WATER,No,No,Yes,No,Not Sure,,,1,1,2.0,HIGHER SECONDARY,Secondary,,5k-20k,Bore Well,,0,,,,,,Garden,,0,Cleaning,0,Cooking,,Farming,Bathing,Bore Well,,0,,,,,,Bore Well,,0,,,,
388,1.0,Female,No,500-1000L,No,,No,,,,6.0,7,Yes,Yes,No,No,Not Believe,1 YEAR,No,,No,No,Not Sure,No,Yes,,,,,2.0,PRIMARY EDUCATION,Primary,,5k-20k,Bore Well,,0,,,,,,Garden,Drinking,0,Cleaning,0,Cooking,,Farming,Bathing,Bore Well,,0,,,,Rainwater,,Bore Well,,0,,,,
389,1.0,Female,Yes,1000-2000L,Yes,Weekly,No,,,,6.0,,Yes,Yes,No,No,Believe,1 YEAR,Yes,COMPANY WATER,No,No,Yes,No,Yes,,1,1,,5.0,PRIMARY EDUCATION,Higher Secondary,,5k-20k,Bore Well,,0,,,,,,Garden,Drinking,0,Cleaning,0,Cooking,,Farming,Bathing,Bore Well,,0,,,,,,Bore Well,,0,,,,
390,1.0,Female,No,1000-2000L,No,,No,,,,7.5,,Yes,Yes,No,No,Believe,6 MONTH,Yes,COMPANY WATER,No,No,Not Sure,No,Yes,,,1,1,3.0,PRIMARY EDUCATION,Higher Secondary,,20k-40k,Bore Well,,0,,,,,,,Drinking,0,,0,Cooking,,Farming,Bathing,Bore Well,,0,,,,,,Bore Well,,0,,,,
391,1.0,Female,No,100-200L,No,,No,7,,,,,Yes,Yes,No,No,Not Believe,3 MONTH,No,,No,No,Not Sure,No,Yes,,,,,3.0,PRIMARY EDUCATION,Secondary,,5k-20k,Bore Well,,0,,,,,,Garden,Drinking,0,Cleaning,0,Cooking,,Farming,Bathing,,,0,,Well,,,,Bore Well,,0,,,,
392,1.0,Female,No,1000-2000L,No,,No,,,,,6,Yes,Yes,No,No,Believe,1 YEAR,No,,No,No,Not Sure,No,Yes,,,,,1.0,SECONDARY,Secondary,,5k-20k,Bore Well,,0,,,,,,Garden,,0,Cleaning,0,Cooking,,Farming,Bathing,,Pipe Connection,0,,,,,,Bore Well,,0,,,,
